latintext	translation	translator
Marcus Tullius Cicero Epistulae ad Atticum – Liber VIII	Cícero Cartas a Ático – Livro 8	José Dejalma Dezotti
-----	-----	José Dejalma Dezotti
TRADUÇÃO: **José Dejalma Dezotti**		José Dejalma Dezotti
		José Dejalma Dezotti
**1**	**1**	José Dejalma Dezotti
Cicero Attico sal.	Cícero saúda Ático.	José Dejalma Dezotti
**1** Cum ad te litteras dedissem, redditae mihi litterae sunt a Pompeio:		José Dejalma Dezotti
cetera de rebus in Piceno gestis quas ad se Vibullius scripsisset, de dilectu Domiti, quae sunt uobis nota, nec tam laeta erant in iis litteris quam ad me Philotimus scripserat.		José Dejalma Dezotti
Ipsam tibi epistulam misissem sed iam subito fratris puer proficiscebatur;		José Dejalma Dezotti
cras igitur mittam.		José Dejalma Dezotti
Sed in ea Pompei epistula erat in extremo ipsius manu “tu censeo Luceriam uenias;		José Dejalma Dezotti
nusquam eris tutius”.		José Dejalma Dezotti
Id ego in eam partem accepi, haec oppida atque oram maritimam illum pro relicto habere, nec sum miratus eum qui caput ipsum reliquisset reliquis membris non parcere.		José Dejalma Dezotti
**2** Ei statim rescripsi, hominemque certum misi de comitibus meis, me non quaerere ubi tutissimo essem;		José Dejalma Dezotti
si me uellet sua aut rei publicae causa Luceriam uenire, statim esse uenturum;		José Dejalma Dezotti
hortatusque sum ut oram maritimam retineret, si rem frumentariam sibi ex prouinciis suppeditari uellet.		José Dejalma Dezotti
Hoc me frustra scribere uidebam;		José Dejalma Dezotti
sed uti in urbe retinenda tunc, sic nunc in Italia non reliquenda testificabar sententiam meam.		José Dejalma Dezotti
Sic enim parari uideo, ut Luceriam omnes copiae contrahantur et ne is quidem locus sit stabilis sed ex eo ipso, si urgeamur, paretur fuga;		José Dejalma Dezotti
**3** quo minus mirere si inuitus in eam causam descendo in qua neque pacis neque uictoriae ratio quaesita sit umquam sed semper flagitiosae et calamitosae fugae.		José Dejalma Dezotti
Eundum, ut quemcumque fors tulerit casum subeam potius cum iis qui dicuntur esse boni quam uidear a bonis dissentire.		José Dejalma Dezotti
Etsi prope diem uideo bonorum, id est lautorum et locupletum, urbem refertam fore, municipiis uero his relictis refertissimam;		José Dejalma Dezotti
quo ego in numero essem, si hos lictores molestissimos non haberem, nec me M'. Lepidi, L. Vulcati, Ser. Sulpici comitum paeniteret, quorum nemo nec stultior est quam L. Domitius nec inconstantior quam Ap. Claudius.		José Dejalma Dezotti
Vnus Pompeius me mouet, beneficio non auctoritate;		José Dejalma Dezotti
**4** quam enim ille habeat auctoritatem in hac causa?		José Dejalma Dezotti
Qui, cum omnes Caesarem metuebamus, ipse eum diligebat, postquam ipse metuere coepit, putat omnis hostis illi esse oportere.		José Dejalma Dezotti
Ibimus tamen Luceriam, nec eum fortasse delectabit noster aduentus;		José Dejalma Dezotti
dissimulare enim non potero mihi quae adhuc acta sint displicere.		José Dejalma Dezotti
Ego si somnum capere possem, tam longis te epistulis non obtunderem.		José Dejalma Dezotti
Tu, si tibi eadem causa est, me remunerere sane uelim.		José Dejalma Dezotti
		José Dejalma Dezotti
**2**	**2**	José Dejalma Dezotti
Cicero Attico sal.	Cícero saúda Ático.	José Dejalma Dezotti
**1** Mihi uero omnia grata, et quod scripsisti ad me quae audieras et quod non credidisti quae digna diligentia mea non erant et quod monuisti quod sentiebas.		José Dejalma Dezotti
Ego ad Caesarem unas Capua litteras dedi, quibus ad ea rescripsi quae mecum ille de gladiatoribus suis egerat,		José Dejalma Dezotti
breuis sed beneuolentiam significantis,		José Dejalma Dezotti
non modo sine contumelia sed etiam cum maxima laude Pompei;		José Dejalma Dezotti
id enim illa sententia postulabat qua illum ad concordiam hortabar.		José Dejalma Dezotti
Eas si quo ille misit, in publico proponat uelim.		José Dejalma Dezotti
Alteras eodem die dedi quo has ad te;		José Dejalma Dezotti
non potui non dare, cum et ipse ad me scripsisset et Balbus.		José Dejalma Dezotti
**2** Earum exemplum ad te misi.		José Dejalma Dezotti
Nihil arbitror fore quod reprehendas;	Acho que não haverá nada para criticares;	José Dejalma Dezotti
si qua erunt, doce me quo modo μέμψιν effugere possim.	se houver, ensina-me como eu poderia evitar a *crítica*.	José Dejalma Dezotti
“Nihil” inquies “omnino scripseris.”	“Não teres escrito absolutamente nada”, dirás.	José Dejalma Dezotti
Qui magis effugiam eos qui uolent fingere?		José Dejalma Dezotti
Verum tamen ita faciam, quoad fieri poterit.		José Dejalma Dezotti
Nam quod me hortaris ad memoriam factorum, dictorum scriptorum etiam meorum, facis amice tu quidem mihique gratissimum, sed mihi uideris aliud tu honestum meque dignum in hac causa iudicare atque ego existimem.		José Dejalma Dezotti
Mihi enim nihil ulla in gente umquam ab ullo auctore rei publicae ac duce turpius factum esse uidetur quam a nostro amico factum est, cuius ego uicem doleo;		José Dejalma Dezotti
qui urbem reliquit, id est patriam, pro qua et in qua mori praeclarum fuit.		José Dejalma Dezotti
**3** Ignorare mihi uideris haec quanta sit clades;	**3** Me parece que ignoras o quão grande é esse desastre;	José Dejalma Dezotti
es enim etiam nunc domi tuae, sed inuitis perditissimis hominibus esse diutius non potes.	pois agora ainda estás em tua casa, mas não podes estar por muito tempo conta a vontade dos mais depravados indivíduos.	José Dejalma Dezotti
Hoc miserius, hoc turpius quicquam?	O que há de mais triste, mais vergonhoso do que isto?	José Dejalma Dezotti
Vagamur egentes cum coniugibus et liberis;	Vagamos indigentes com nossas esposas e filhos.	José Dejalma Dezotti
in unius hominis quotannis periculose aegrotantis anima positas omnis nostras spes habemus, non expulsi sed euocati ex patria,	Temos postas todas as nossas esperanças na alma de um único homem durante tantos anos perigosamente enfermo, não expulsos, mas chamados de nossa pátria,	José Dejalma Dezotti
quam non seruandam ad reditum nostrum sed diripiendam et inflammandam reliquimus.	que deixamos não para ser conservada até o nosso retorno, mas para ser saqueada e incendiada.	José Dejalma Dezotti
Ita multi nobiscum sunt?	Não há muitos assim conosco?	José Dejalma Dezotti
Non in suburbanis, non in hortis, non in ipsa urbe?	Não em suas chácaras, não em seus jardins, não na própria cidade?	José Dejalma Dezotti
Et, si non sunt, non erunt?	E se não há, não haverá?	José Dejalma Dezotti
Nos interea ne Capuae quidem sed Luceriae, et oram quidem maritimam iam relinquemus, Afranium exspectabimus et Petreium;		José Dejalma Dezotti
nam in Labieno parum est dignitatis.		José Dejalma Dezotti
Hic tu in me (...) illud desideras?		José Dejalma Dezotti
Nihil de me dico, alii uiderint;		José Dejalma Dezotti
hic quidem quae est (...)?		José Dejalma Dezotti
Domi uestrae estis et eritis omnes boni.		José Dejalma Dezotti
Quis istic se mihi non ostendit?		José Dejalma Dezotti
Quis nunc adest hoc bello (sic enim iam appellandum est)?		José Dejalma Dezotti
**4** Vibulli res gestae sunt adhuc maximae.	**4** As ações de Víbulo são até agora verdadeiramente grandes.	José Dejalma Dezotti
Id ex Pompei litteris cognosces, in quibus animaduertito illum locum ubi erit διπλῆ:		José Dejalma Dezotti
uidebis de Gnaeo nostro ipse Vibullius quid existimet.		José Dejalma Dezotti
Quo igitur haec spectat oratio?		José Dejalma Dezotti
Ego pro Pompeio libenter emori possum, facio pluris omnium hominum neminem;		José Dejalma Dezotti
sed non ita uno in eo iudico spem de salute rei publicae.		José Dejalma Dezotti
Significas enim aliquanto secus quam solebas, ut etiam Italia, si ille cedat, putes cedendum;		José Dejalma Dezotti
quod ego nec rei publicae puto esse utile nec liberis meis, praeterea neque rectum neque honestum.		José Dejalma Dezotti
†Sed cur† “poterisne igitur uidere tyrannum?”		José Dejalma Dezotti
Quasi intersit audiam an uideam, aut locupletior mihi sit quaerendus auctor quam Socrates, qui, cum XXX tyranni essent, pedem porta non extulit.		José Dejalma Dezotti
Est mihi praeterea praecipua causa manendi;		José Dejalma Dezotti
de qua utinam aliquando tecum loquar\!		José Dejalma Dezotti
Ego XIII Kal., cum eadem lucerna hanc epistulam scripsissem qua inflammaram tuam, Formiis ad Pompeium, si de pace ageretur, profecturus;		José Dejalma Dezotti
si de bello, quid ero?		José Dejalma Dezotti
		José Dejalma Dezotti
**3**	**3**	José Dejalma Dezotti
Cicero Attico sal.	Cícero saúda Ático.	José Dejalma Dezotti
**1** Maximis et miserrimis rebus perturbatus, cum coram tecum mihi potestas deliberandi non esset, uti tamen tuo consilio uolui.		José Dejalma Dezotti
Deliberatio autem omnis haec est, si Pompeius Italia excedat, quod eum facturum esse suspicor, quid mihi agendum putes.		José Dejalma Dezotti
Et quo facilius consilium dare possis, quid in utramque partem mihi in mentem ueniat explicabo breui.		José Dejalma Dezotti
**2** Cum merita Pompei summa erga salutem meam familiaritasque quae mihi cum eo est, tum ipsa rei publicae causa me adducit ut mihi uel consilium meum cum illius consilio uel fortuna cum fortuna coniungenda esse uideatur.		José Dejalma Dezotti
Accedit illud:		José Dejalma Dezotti
si maneo et illum comitatum optimorum et clarissimorum ciuium desero, cadendum est in unius potestatem;		José Dejalma Dezotti
qui etsi multis rebus significat se nobis esse amicum (et ut esset a me est, tute scis, propter suspicionem huius impendentis tempestatis multo ante prouisum), tamen utrumque considerandum est, et quanta fides ei sit habenda et, si maxime exploratum sit eum nobis amicum fore, sitne uiri fortis et boni ciuis esse in ea urbe in qua cum summis honoribus imperiisque usus sit, res maximas gesserit, sacerdotio sit amplissimo praeditus, non futurus sit qui fuerit, subeundumque periculum sit cum aliquo †fore dedecore, si quando Pompeius rem publicam recuperarit.		José Dejalma Dezotti
**3** In hac parte haec sunt.		José Dejalma Dezotti
Vide nunc quae sint in altera.		José Dejalma Dezotti
Nihil actum est a Pompeio nostro sapienter, nihil fortiter, addo etiam nihil nisi contra consilium auctoritatemque meam.		José Dejalma Dezotti
Omitto illa uetera, quod istum in rem publicam ille aluit, auxit, armauit, ille legibus per uim et contra auspicia ferendis auctor, ille Galliae ulterioris adiunctor, ille gener, ille in adoptando P. Clodio augur, ille restituendi mei quam retinendi studiosior, ille prouinciae propagator, ille absentis in omnibus adiutor, idem etiam tertio consulatu, postquam esse defensor rei publicae coepit, contendit ut decem tribuni pl. ferrent ut absentis ratio haberetur, quod idem ipse sanxit lege quadam sua, Marcoque Marcello consuli finienti prouincias Gallias Kal. Mart. die restitit \- sed ut haec omittam;		José Dejalma Dezotti
quid foedius, quid perturbatius hoc ab urbe discessu siue potius turpissima in qua sumus fuga?		José Dejalma Dezotti
Quae condicio non accipienda fuit potius quam relinquenda patria?		José Dejalma Dezotti
Malae condiciones erant, fateor, sed num quid hoc peius?		José Dejalma Dezotti
**4** At recuperabit rem publicam.		José Dejalma Dezotti
Quando? Aut quid ad eam spem est parati?		José Dejalma Dezotti
Non ager Picenus amissus?		José Dejalma Dezotti
Non patefactum iter ad urbem?		José Dejalma Dezotti
Non pecunia omnis et publica et priuata aduersario tradita?		José Dejalma Dezotti
Denique nulla causa, nullae uires, nulla sedes quo concurrant qui rem publicam defensam uelint.		José Dejalma Dezotti
Apulia delecta est, inanissima pars Italiae et ab impetu huius belli remotissima;		José Dejalma Dezotti
fuga et maritima opportunitas uisa quaeri desperatione.		José Dejalma Dezotti
†Inuite cepit† Capuam, non quo munus illud defugerem, sed sine...		José Dejalma Dezotti
Causa in qua nullus esset ordinum, nullus apertus priuatorum dolor, bonorum autem esset aliquis sed hebes, ut solet, et, ut ipse sensissem, multitudo et infimus quisque propensus in alteram partem, multi mutationis rerum cupidi.		José Dejalma Dezotti
**5** Dixi ipsi me nihil suscepturum sine praesidio et sine pecunia.		José Dejalma Dezotti
Itaque habui nihil omnino negoti, quod ab initio uidi nihil quaeri praeter fugam.		José Dejalma Dezotti
eam si nunc sequor, quanam?		José Dejalma Dezotti
Cum illo non;		José Dejalma Dezotti
ad quem cum essem profectus, cognoui in iis locis esse Caesarem, ut tuto Luceriam uenire non possem.		José Dejalma Dezotti
Infero mari nobis incerto cursu hieme maxima nauigandum est.		José Dejalma Dezotti
Age iam, cum fratre an sine eo cum filio an quo modo?		José Dejalma Dezotti
In utraque enim re summa difficultas erit, summus animi dolor.		José Dejalma Dezotti
Qui autem illius impetus erit in nos absentis fortunasque nostras\!		José Dejalma Dezotti
Acrior quam in ceterorum, quod putabit fortasse in nobis uiolandis aliquid se habere populare.		José Dejalma Dezotti
Age iam, has compedes, fascis, inquam, hos laureatos efferre ex Italia quam molestum est\!		José Dejalma Dezotti
Qui autem locus erit nobis tutus, ut iam placatis utamur fluctibus, ante quam ad illum uenerimus?		José Dejalma Dezotti
Qua autem aut quo nihil scimus.		José Dejalma Dezotti
**6** At si restitero et fuerit nobis in hac parte locus, idem fecero quod in Cinnae dominatione L. Philippus, quod L. Flaccus, quod Q. Mucius, quoquo modo ea res huic quidem cecidit;		José Dejalma Dezotti
qui tamen ita dicere solebat, se id fore uidere quod factum est sed malle quam armatum ad patriae moenia accedere.		José Dejalma Dezotti
Aliter Thrasybulus, et fortasse melius;		José Dejalma Dezotti
sed est certa quaedam illa Muci ratio atque sententia, est illa etiam Philippi, et, cum sit necesse, seruire tempori et non amittere tempus cum sit datum.		José Dejalma Dezotti
Sed in hoc ipso habent tamen idem fasces molestiam.		José Dejalma Dezotti
Sit enim nobis amicus, quod incertum est, sed sit;		José Dejalma Dezotti
deferet triumphum.		José Dejalma Dezotti
Non accipere ne periculosum sit, accipere inuidiosum ad bonos.		José Dejalma Dezotti
“O rem” inquis “difficilem et inexplicabilem\!”		José Dejalma Dezotti
Atqui explicanda est;		José Dejalma Dezotti
quid enim fieri potest?		José Dejalma Dezotti
Ac ne me existimaris ad manendum esse propensiorem quod plura in eam partem uerba fecerim, potest fieri, quod fit in multis quaestionibus, ut res uerbosior haec fuerit, illa uerior.		José Dejalma Dezotti
Quam ob rem, ut maxima de re aequo animo deliberanti, ita mihi des consilium uelim.		José Dejalma Dezotti
Nauis et in Caieta est parata nobis et Brundisi.		José Dejalma Dezotti
**7** Sed ecce nuntii scribente me haec ipsa noctu in Caleno, ecce litterae Caesarem ad Corfinium, Domitium Corfini cum firmo exercitu et pugnare cupiente.		José Dejalma Dezotti
Non puto etiam hoc Gnaeum nostrum commissurum, ut Domitium relinquat;		José Dejalma Dezotti
etsi Brundisium Scipionem cum cohortibus duabus praemiserat, legionem Fausto conscriptam in Siciliam sibi placere a consule duci scripserat ad consules.		José Dejalma Dezotti
Sed turpe Domitium deserere erit implorantem eius auxilium.		José Dejalma Dezotti
Est quaedam spes, mihi quidem non magna sed in his locis firma, Afranium in Pyrenaeo cum Trebonio pugnasse, pulsum Trebonium, etiam Fabium tuum transisse cum Cohortibus;		José Dejalma Dezotti
summa autem Afranium cum magnis copiis aduentare.		José Dejalma Dezotti
Id si est, in Italia fortasse manebitur.		José Dejalma Dezotti
Ego autem, cum esset incertum iter Caesaris quod uel ad Capuam uel ad Luceriam iturus putabatur, Leptam misi ad Pompeium et litteras;		José Dejalma Dezotti
ipse, ne quo inciderem, reuerti Formias.		José Dejalma Dezotti
Haec te scire uolui scripsique sedatiore animo quam proxime scripseram, nullum meum iudicium interponens sed exquirens tuum.		José Dejalma Dezotti
		José Dejalma Dezotti
**4**	**4**	José Dejalma Dezotti
Cicero Attico sal.	Cícero saúda Ático.	José Dejalma Dezotti
**1** Dionysius quidem tuus potius quam noster, cuius ego cum satis cognossem mores tuo tamen potius stabam iudicio quam meo, ne tui quidem testimoni, quod ei saepe apud me dederas, ueritus superbum se praebuit in fortuna quam putauit nostram fore;		José Dejalma Dezotti
cuius fortunae nos, quantum humano consilio effici poterit, motum ratione quadam gubernabimus.		José Dejalma Dezotti
Cui qui noster honos, quod obsequium, quae etiam ad ceteros contempti cuiusdam hominis commendatio defuit?		José Dejalma Dezotti
Vt meum iudicium reprehendi a Quinto fratre uulgoque ab omnibus mallem quam illum non efferrem laudibus, Ciceronesque nostros meo potius labore subdoceri quam me alium magistrum quaerere;		José Dejalma Dezotti
ad quem ego quas litteras, di immortales, miseram, quantum honoris significantis, quantum amoris\!		José Dejalma Dezotti
Dicaearchum mehercule aut Aristoxenum diceres arcessi, non unum hominem omnium loquacissimum et minime aptum ad docendum.		José Dejalma Dezotti
**2** Sed sit memoria bona:		José Dejalma Dezotti
me dicet esse meliore.		José Dejalma Dezotti
Quibus litteris ita respondit ut ego nemini cuius causam non reciperem.		José Dejalma Dezotti
Semper enim “si potero”, “si ante suscepta causa non impediar”;		José Dejalma Dezotti
numquam reo cuiquam tam humili, tam sordido, tam nocenti, tam alieno tam praecise negaui quam hic mihi plane sine ulla exceptione praecidit.		José Dejalma Dezotti
Nihil cognoui ingratius;		José Dejalma Dezotti
in quo uitio nihil mali non inest.		José Dejalma Dezotti
Sed de hoc nimis multa.		José Dejalma Dezotti
**3** Ego nauem paraui.		José Dejalma Dezotti
Tuas litteras tamen exspecto, ut sciam quid respondeant consultationi meae.		José Dejalma Dezotti
**4** Sulmone C. Atium Paelignum aperuisse Antonio portas, cum essent cohortes quinque, Q. Lucretium inde fugisse scis, Gnaeum ire Brundisium, Domitium desertum.		José Dejalma Dezotti
Confecta res est.		José Dejalma Dezotti
		José Dejalma Dezotti
**5**	**5**	José Dejalma Dezotti
Cicero Attico sal.	Cícero saúda Ático.	José Dejalma Dezotti
**1** Cum ante lucem VIII Kal. litteras ad te de Dionysio dedissem, uesperi ad nos eodem die uenit ipse Dionysius, auctoritate tua permotus, ut suspicor;		José Dejalma Dezotti
quid enim putem aliud?		José Dejalma Dezotti
Etsi solet eum, cum aliquid furiose fecit, paenitere.		José Dejalma Dezotti
Numquam autem cerritior fuit quam in hoc negotio.		José Dejalma Dezotti
Nam quod ad te non scripseram, postea audiui a tertio miliario tum eum isse “πολλὰ μάτην κεράεσσιν ἐς ἠέρα θυμήναντα”, multa, inquam, mala cum dixisset:		José Dejalma Dezotti
suo capiti, ut aiunt.		José Dejalma Dezotti
Sed uide meam mansuetudinem:		José Dejalma Dezotti
conieceram in fasciculum una cum tua uehementem ad illum epistulam;		José Dejalma Dezotti
hanc ad me referri uolo, nec ullam ob aliam causam Pollicem seruum a pedibus meis Romam misi.		José Dejalma Dezotti
Eo autem ad te scripsi ut, si tibi forte reddita esset, mihi curares referendam, ne in illius manus perueniret.		José Dejalma Dezotti
**2** Noui si quid esset scripsissem.		José Dejalma Dezotti
Pendeo animi exspectatione Corfiniensi, in qua de salute rei publicae decernetur.		José Dejalma Dezotti
Tu fasciculum qui est “M'. Curio” inscriptus uelim cures ad eum perferendum Tironemque Curio commendes et ut det ei si quid opus erit in sumptum roges.		José Dejalma Dezotti
		José Dejalma Dezotti
**6**	**6**	José Dejalma Dezotti
Cicero Attico sal.	Cícero saúda Ático.	José Dejalma Dezotti
**1** Obsignata iam ista epistula quam de nocte daturus eram, sicut dedi (nam eam uesperi scripseram), C. Sosius praetor in Formianum uenit ad M'. Lepidum, uicinum nostrum, cuius quaestor fuit.		José Dejalma Dezotti
Pompei litterarum ad consules exemplum attulit:		José Dejalma Dezotti
**2** Litterae mihi a L. Domitio a. d. XIII Kal. Mart. adlatae sunt;		José Dejalma Dezotti
earum exemplum infra scripsi.		José Dejalma Dezotti
Nunc, ut ego non scribam, tua sponte te intellegere scio quanti rei publicae intersit omnis copias in unum locum primo quoque tempore conuenire.		José Dejalma Dezotti
Tu, si tibi uidebitur, dabis operam ut quam primum ad nos uenias, praesidi Capuae quantum constitueris satis esse relinquas.		José Dejalma Dezotti
**3** Deinde supposuit exemplum epistulae Domiti quod ego ad te pridie miseram.		José Dejalma Dezotti
Di immortales, qui me horror perfudit\!		José Dejalma Dezotti
Quam sum sollicitus quidnam futurum sit\!		José Dejalma Dezotti
Hoc tamen spero, magnum nomen imperatoris fore, magnum in aduentu terrorem.		José Dejalma Dezotti
Spero etiam, quoniam adhuc nihil nobis obfuit nisi timiditas et neglegentia, hoc quod cum fortiter et diligenter tum etiam mehercule.		José Dejalma Dezotti
**4** Modo enim audiui quartanam a te discessisse;		José Dejalma Dezotti
moriar si magis gauderem si id mihi accidisset.		José Dejalma Dezotti
Piliae dic non esse aequum eam diutius habere nec id esse uestrae concordiae.		José Dejalma Dezotti
Tironem nostrum ab altera relictum audio.		José Dejalma Dezotti
**5** Sed eum uideo in sumptum ab aliis mutuatum;		José Dejalma Dezotti
ego autem Curium nostrum si quid opus esset rogaram.		José Dejalma Dezotti
Malo Tironis uerecundiam in culpa esse quam illiberalitatem Curi.		José Dejalma Dezotti
		José Dejalma Dezotti
**7**	**7**	José Dejalma Dezotti
Cicero Attico sal.	Cícero saúda Ático.	José Dejalma Dezotti
**1** Vnum etiam restat amico nostro ad omne dedecus, ut Domitio non subueniat.		José Dejalma Dezotti
“At nemo dubitat quin subsidio uenturus sit.”		José Dejalma Dezotti
Ego non puto.		José Dejalma Dezotti
“Deseret igitur talem ciuem et eos quos una scit esse, cum habeat praesertim XX ipse cohortis, XXX Domitius?”		José Dejalma Dezotti
Nisi me omnia fallunt, deseret.		José Dejalma Dezotti
Incredibiliter pertimuit, nihil spectat nisi fugam;		José Dejalma Dezotti
cui tu (uideo enim quid sentias) me comitem putas debere esse.		José Dejalma Dezotti
**2** Ego uero quem fugiam habeo, quem sequar non habeo.		José Dejalma Dezotti
Quod enim tu meum laudas et memorandum dicis, malle quod dixerim me cum Pompeio uinci quam cum istis uincere, ego uero malo, sed cum illo Pompeio qui tum erat aut qui mihi esse uidebatur;		José Dejalma Dezotti
cum hoc uero qui ante fugit quam scit aut quem fugiat aut quo, qui nostra tradidit, qui patriam reliquit, Italiam relinquit, si malui, contigit:		José Dejalma Dezotti
uictus sum.		José Dejalma Dezotti
Quod superest, nec ista uidere possum, quae numquam timui ne uiderem, nec mehercule istum, propter quem mihi non modo meis sed memet ipso carendum est.		José Dejalma Dezotti
**3** Ad Philotimum scripsi de uiatico siue a Moneta (nemo enim soluit) siue ab Oppiis, tuis contubernalibus.		José Dejalma Dezotti
Cetera apposita tibi mandabo.		José Dejalma Dezotti
		José Dejalma Dezotti
**8**	**8**	José Dejalma Dezotti
Cicero Attico sal.	Cícero saúda Ático.	José Dejalma Dezotti
**1** O rem turpem et ea re miseram\!		José Dejalma Dezotti
Sic enim sentio, id demum aut potius id solum esse miserum quod turpe sit.		José Dejalma Dezotti
Aluerat Caesarem, eundem repente timere coeperat, condicionem pacis nullam probarat, nihil ad bellum pararat, urbem reliquerat, Picenum amiserat culpa, in Apuliam se compegerat, ibat in Graeciam, omnis nos ἀπροσφωνήτους, expertis sui tanti, tam inusitati consili relinquebat.		José Dejalma Dezotti
**2** Ecce subito litterae Domiti ad illum, ipsius ad consules\!		José Dejalma Dezotti
Fulsisse mihi uidebatur τὸ καλὸν ad oculos eius, et exclamasse ille uir qui esse debuit “πρὸς ταῦθ' ὅ τι χρὴ καὶ παλαμάσθων καὶ πάντ' ἐπ' ἐμοὶ τεκταινέσθων·τὸ γὰρ εὖ μετ' ἐμοῦ.”		José Dejalma Dezotti
At ille tibi πολλὰ χαίρειν τῷ καλῷ dicens pergit Brundisium.		José Dejalma Dezotti
Domitium autem aiunt re audita et eos qui una essent se tradidisse.		José Dejalma Dezotti
O rem lugubrem\!		José Dejalma Dezotti
Itaque intercludor dolore quo minus ad te plura scribam;		José Dejalma Dezotti
tuas litteras exspecto.		José Dejalma Dezotti
		José Dejalma Dezotti
**9**	**9**	José Dejalma Dezotti
Cicero Attico sal.	Cícero saúda Ático.	José Dejalma Dezotti
**1** Epistulam meam quod peruulgatam scribis esse non fero moleste, quin etiam ipse multis dedi describendam;		José Dejalma Dezotti
ea enim et acciderunt iam et impendent ut testatum esse uelim de pace quid senserim.		José Dejalma Dezotti
Cum autem ad eam hortarer eum praesertim hominem, non uidebar ullo modo facilius moturus quam si id quod eum hortarer conuenire eius sapientiae dicerem.		José Dejalma Dezotti
Eam si admirabilem dixi cum eum ad salutem patriae hortabar, non sum ueritus ne uiderer adsentari, cui tali in re libenter me ad pedes abiecissem.		José Dejalma Dezotti
Qua autem est “aliquid impertias temporis”, non est de pace sed de me ipso et de meo officio ut aliquid cogitet.		José Dejalma Dezotti
Nam quod testificor me expertem belli fuisse, etsi id re perspectum est, tamen eo scripsi quo in suadendo plus auctoritatis haberem;		José Dejalma Dezotti
eodemque pertinet quod causam eius probo.		José Dejalma Dezotti
**2** Sed quid haec nunc?		José Dejalma Dezotti
Vtinam aliquid profectum esset\!		José Dejalma Dezotti
Ne ego istas litteras in contione recitari uelim, si quidem ille ipse ad eundem scribens in publico proposuit epistulam illam in qua est “pro tuis rebus gestis amplissimis” (amplioribusne quam suis, quam Africani? Ita tempus ferebat), si quidem etiam uos duo tales ad quintum miliarium, quo nunc ipsum unde se recipienti, quid agenti, quid acturo?		José Dejalma Dezotti
Quanto autem ferocius ille causae suae confidet, cum uos, cum uestri similis non modo frequentis sed laeto uultu gratulantis uiderit\!		José Dejalma Dezotti
“Num igitur peccamus?”		José Dejalma Dezotti
Minime uos quidem;		José Dejalma Dezotti
sed tamen signa conturbantur quibus uoluntas a simulatione distingui posset.		José Dejalma Dezotti
Quae uero senatus consulta uideo?		José Dejalma Dezotti
Sed apertius quam proposueram.		José Dejalma Dezotti
**3** Ego Arpini uolo esse prid. Kal., deinde circum uillulas nostras errare, quas uisurum me postea desperaui.		José Dejalma Dezotti
		José Dejalma Dezotti
**9a**	**9a**	José Dejalma Dezotti
Cicero Attico sal.	Cícero saúda Ático.	José Dejalma Dezotti
**1** Εὐγενῆ tua consilia et tamen pro temporibus non incauta mihi ualde probantur.		José Dejalma Dezotti
Lepido quidem (nam fere συνδιημερεύομεν, quod gratissimum illi est) numquam placuit ex Italia exire, Tullo multo minus;		José Dejalma Dezotti
crebro enim illius litterae ab aliis ad nos commeant.		José Dejalma Dezotti
Sed me illorum sententiae minus mouebant;		José Dejalma Dezotti
minus multa dederant illi rei publicae pignora.		José Dejalma Dezotti
Tua mehercule auctoritas uehementer mouet;		José Dejalma Dezotti
adfert enim et reliqui temporis recuperandi rationem et praesentis tuendi.		José Dejalma Dezotti
Sed obsecro te, quid hoc miserius quam alterum plausus in foedissima causa quaerere, alterum offensiones in optima?		José Dejalma Dezotti
Alterum existimari conseruatorem inimicorum, alterum desertorem amicorum?		José Dejalma Dezotti
Et mehercule quamuis amemus Gnaeum nostrum, ut et facimus et debemus, tamen hoc, quod talibus uiris non subuenit, laudare non possum.		José Dejalma Dezotti
Nam siue timuit, quid ignauius?		José Dejalma Dezotti
Siue, ut quidam putant, meliorem suam causam illorum caede fore putauit, quid iniustius?		José Dejalma Dezotti
Sed haec omittamus;		José Dejalma Dezotti
augemus enim dolorem retractando.		José Dejalma Dezotti
**2** VI Kal. uesperi Balbus minor ad me uenit occulta uia currens ad Lentulum consulem missu Caesaris cum litteris, cum mandatis, cum promissione prouinciae, Romam ut redeat;		José Dejalma Dezotti
cui persuaderi posse non arbitror, \[ni\]si erit conuentus.		José Dejalma Dezotti
Idem aiebat nihil malle Caesarem quam ut Pompeium adsequeretur (id credo) et rediret in gratiam (id non credo, et metuo ne omnis haec clementia ad unam illam crudelitatem colligatur).		José Dejalma Dezotti
Balbus quidem maior ad me scribit nihil malle Caesarem quam principe Pompeio sine metu uiuere.		José Dejalma Dezotti
Tu, puto, hoc credis.		José Dejalma Dezotti
Sed cum haec scribebam V Kal., Pompeius iam Brundisium uenisse poterat;		José Dejalma Dezotti
expeditus enim antecesserat legiones XI Kal. Luceria.		José Dejalma Dezotti
Sed hoc τέρας horribili uigilantia, celeritate, diligentia est. plane quid futurum sit nescio.		José Dejalma Dezotti
		José Dejalma Dezotti
**10**	**10**	José Dejalma Dezotti
Cicero Attico sal.	Cícero saúda Ático.	José Dejalma Dezotti
**1** Dionysius cum ad me praeter opinionem meam uenisset, locutus sum cum eo liberalissime;		José Dejalma Dezotti
tempora exposui, rogaui ut diceret quid haberet in animo;		José Dejalma Dezotti
me nihil ab eo ipso inuito contendere.		José Dejalma Dezotti
Respondit se quod in nummis haberet nescire quo loci esset;		José Dejalma Dezotti
alios non soluere, aliorum diem nondum esse.		José Dejalma Dezotti
Dixit etiam alia quaedam de seruulis suis qua re nobiscum esse non posset.		José Dejalma Dezotti
Morem gessi.		José Dejalma Dezotti
Dimisi a me, ut magistrum Ciceronum non libenter, ut hominem ingratum non inuitus.		José Dejalma Dezotti
Volui te scire, et quid ego de eius facto iudicarem.		José Dejalma Dezotti
		José Dejalma Dezotti
**11**	**11**	José Dejalma Dezotti
Cicero Attico sal.	Cícero saúda Ático.	José Dejalma Dezotti
**1** Quod me magno animi motu perturbatum putas, sum equidem, sed non tam magno quam tibi fortasse uideor;		José Dejalma Dezotti
leuatur enim omnis cura cum aut constitit consilium aut cogitando nihil explicatur.		José Dejalma Dezotti
Lamentari autem licet illud quidem totos dies;		José Dejalma Dezotti
sed uereor ne, nihil cum proficiam, etiam dedecori sim studiis ac litteris nostris.		José Dejalma Dezotti
Consumo igitur omne tempus considerans quanta uis sit illius uiri quem nostris libris satis diligenter, ut tibi quidem uidemur, expressimus.		José Dejalma Dezotti
Tenesne igitur moderatorem illum rei publicae quo referre uelimus omnia?		José Dejalma Dezotti
Nam sic quinto, ut opinor, in libro loquitur Scipio:		José Dejalma Dezotti
“Vt enim gubernatori cursus secundus, medico salus, imperatori uictoria, sic huic moderatori rei publicae beata ciuium uita proposita est, ut opibus firma, copiis locuples, gloria ampla, uirtute honesta sit;		José Dejalma Dezotti
huius enim operis maximi inter homines atque optimi illum esse perfectorem uolo”.		José Dejalma Dezotti
**2** Hoc Gnaeus noster cum antea numquam tum in hac causa minime cogitauit.		José Dejalma Dezotti
Dominatio quaesita ab utroque est, non id actum, beata et honesta ciuitas ut esset.		José Dejalma Dezotti
Nec uero ille urbem reliquit quod eam tueri non posset nec Italiam quod ea pelleretur, sed hoc a primo cogitauit, omnis terras, omnia maria mouere, reges barbaros incitare, gentis feras in Italiam armatas adducere, exercitus conficere maximos.		José Dejalma Dezotti
Genus illud Sullani regni iam pridem appetitur, multis qui una sunt cupientibus.		José Dejalma Dezotti
An censes nihil inter eos conuenire, nullam pactionem fieri potuisse?		José Dejalma Dezotti
Hodie potest.		José Dejalma Dezotti
Sed neutri σκοπὸς est ille, ut nos beati simus;		José Dejalma Dezotti
uterque regnare uult.		José Dejalma Dezotti
**3** Haec a te inuitatus breuiter exposui;		José Dejalma Dezotti
uoluisti enim me quid de his malis sentirem ostendere.		José Dejalma Dezotti
προθεσπίζω igitur, noster Attice, non hariolans, ut illa cui nemo credidit, sed coniectura prospiciens: “Iamque mari magno...”;		José Dejalma Dezotti
non multo, inquam, secus possum uaticinari;		José Dejalma Dezotti
tanta malorum impendet ᾿Ιλιάς.		José Dejalma Dezotti
Atque hoc nostra grauior est causa qui domi sumus quam illorum qui una transierunt, quod illi \[qui\] alterum metuunt, nos utrumque.		José Dejalma Dezotti
**4** Cur igitur, inquis, remansimus?		José Dejalma Dezotti
Vel tibi paruimus uel non occurrimus uel hoc fuit rectius.		José Dejalma Dezotti
Conculcari, inquam, miseram Italiam uidebis proxima aestate aut alterius aut utriusque \[in\] mancipiis ex omni genere collectis, nec tam singulorum proscriptio pertimescenda, quae Luceriae multis sermonibus denuntiata esse dicitur, quam uniuersae interitus;		José Dejalma Dezotti
tantas in confligendo utriusque uiris uideo futuras.		José Dejalma Dezotti
Habes coniecturam meam.		José Dejalma Dezotti
Tu autem consolationis fortasse aliquid exspectasti.		José Dejalma Dezotti
Nihil inuenio;		José Dejalma Dezotti
nihil fieri potest miserius, nihil perditius, nihil foedius.		José Dejalma Dezotti
**5** Quod quaeris quid Caesar ad me scripserit, quod saepe, gratissimum sibi esse quod quierim, oratque in eo ut perseuerem.		José Dejalma Dezotti
Balbus minor haec eadem mandata.		José Dejalma Dezotti
Iter autem erat eius ad Lentulum consulem cum litteris Caesaris praemiorumque promissis si Romam reuertisset.		José Dejalma Dezotti
Verum cum habeo rationem dierum, ante puto tramissurum quam potuerit conueniri.		José Dejalma Dezotti
**6** Epistularum Pompei duarum quas ad me misit neglegentiam meamque in rescribendo diligentiam uolui tibi notam esse.		José Dejalma Dezotti
Earum exempla ad te misi.		José Dejalma Dezotti
**7** Caesaris hic per Apuliam ad Brundisium cursus quid efficiat exspecto.		José Dejalma Dezotti
Vtinam aliquid simile Parthicis rebus\!		José Dejalma Dezotti
Simul aliquid audiero, scribam ad te.		José Dejalma Dezotti
Tu ad me uelim bonorum sermones;		José Dejalma Dezotti
Romae frequentes esse dicuntur.		José Dejalma Dezotti
Scio equidem te in publicum non prodire, sed tamen audire te multa necesse est.		José Dejalma Dezotti
Memini librum tibi adferri a Demetrio Magnete ad te missum περὶ ὁμονοίας.		José Dejalma Dezotti
Eum mihi uelim mittas.		José Dejalma Dezotti
Vides quam causam mediter.		José Dejalma Dezotti
		José Dejalma Dezotti
**11a**	**11a**	José Dejalma Dezotti
Cn. Magnus procos.s.d M. Ciceroni imp.		José Dejalma Dezotti
**1** Q. Fabius ad me uenit a. d. IIII Id. Febr.		José Dejalma Dezotti
Is nuntiat L. Domitium cum suis cohortibus XII et cum cohortibus XIIII quas Vibullius adduxit ad me iter habere;		José Dejalma Dezotti
habuisse in animo proficisci Corfinio a. d. V Id. Febr.;		José Dejalma Dezotti
C. Hirrum cum V cohortibus subsequi.		José Dejalma Dezotti
Censeo ad nos Luceriam uenias;		José Dejalma Dezotti
nam te hic tutissime puto fore.		José Dejalma Dezotti
		José Dejalma Dezotti
**11b**	**11b**	José Dejalma Dezotti
M. Cicero imp. s. d. Cn. Magno procos.		José Dejalma Dezotti
**1** A. d. XV Kal. Mart. Formiis accepi tuas litteras;		José Dejalma Dezotti
ex quibus ea quae in agro Piceno gesta erant cognoui commodiora esse multo quam ut erat nobis nuntiatum, Vibullique uirtutem industriamque libenter agnoui.		José Dejalma Dezotti
Nos adhuc in ea ora ubi praepositi sumus ita fuimus ut nauem paratam haberemus.		José Dejalma Dezotti
Ea enim audiebamus et ea uerebamur ut, quodcumque tu consilium cepisses, id nobis persequendum putaremus.		José Dejalma Dezotti
Nunc quoniam auctoritate et consilio tuo in spe firmiore sumus, si teneri posse putas Tarracinam et oram maritimam, in ea manebo, etsi praesidia in oppidis nulla sunt.		José Dejalma Dezotti
Nemo enim nostri ordinis in his locis est praeter M. Eppium, quem ego Minturnis esse uolui, uigilantem hominem et industrium.		José Dejalma Dezotti
Nam L. Torquatum, uirum fortem et cum auctoritate, Formiis non habemus;		José Dejalma Dezotti
ad te profectum arbitramur.		José Dejalma Dezotti
**2** Ego omnino, ut tibi proxime placuerat, Capuam ueni eo ipso die quo tu Teano Sidicino es profectus;		José Dejalma Dezotti
uolueras enim me cum M. Considio pro praetore illa negotia tueri.		José Dejalma Dezotti
Cum eo uenissem, uidi T. Ampium dilectum habere diligentissime, ab eo accipere L. Libonem, summa item diligentia et in illa colonia auctoritate.		José Dejalma Dezotti
Fui Capuae quoad consules.		José Dejalma Dezotti
Iterum, ut erat edictum a consulibus, ueni Capuam ad Non. Febr.;		José Dejalma Dezotti
cum fuissem triduum, recepi me Formias.		José Dejalma Dezotti
**3** Nunc quod tuum consilium aut quae ratio belli sit ignoro.		José Dejalma Dezotti
Si tenendam hanc oram putas, quae et opportunitatem et dignitatem habet et ciuis egregios et, ut arbitror, teneri potest, opus est esse qui praesit;		José Dejalma Dezotti
sin omnia unum in locum contrahenda sunt, non dubito quin ad te statim ueniam, quo mihi nihil optatius est, idque tecum quo die ab urbe discessimus locutus sum.		José Dejalma Dezotti
Ego si cui adhuc uideor segnior fuisse, dum ne tibi uidear non laboro, et tamen si, ut uideo, bellum gerendum est, confido me omnibus facile satis facturum.		José Dejalma Dezotti
**4** M. Tullium, meum necessarium, ad te misi cui tu, si tibi uideretur, ad me litteras dares.		José Dejalma Dezotti
		José Dejalma Dezotti
**11c**	**11c**	José Dejalma Dezotti
Cn. Magnus procos.s.d M. Ciceroni imp.		José Dejalma Dezotti
**1** S. u. b.		José Dejalma Dezotti
Tuas litteras libenter legi;		José Dejalma Dezotti
recognoui enim tuam pristinam uirtutem etiam in salute communi.		José Dejalma Dezotti
Consules ad eum exercitum quem in Apulia habui uenerunt.		José Dejalma Dezotti
Magno opere te hortor pro tuo singulari perpetuoque studio in rem publicam ut te ad nos conferas, ut communi consilio rei publicae adflictae opem atque auxilium feramus.		José Dejalma Dezotti
Censeo uia Appia iter facias et celeriter Brundisium uenias.		José Dejalma Dezotti
		José Dejalma Dezotti
**11d**	**11d**	José Dejalma Dezotti
M. Cicero imp. s. d. Cn. Magno procos.	Marco Cícero general saúda o procônsul Cneu Magno	José Dejalma Dezotti
**1** Cum ad te litteras misissem quae tibi Canusi redditae sunt, suspicionem nullam habebam te rei publicae causa mare transiturum, eramque in spe magna fore ut in Italia possemus aut concordiam constituere, qua mihi nihil utilius uidebatur, aut rem publicam summa cum dignitate defendere.	**1** Quando te enviei a carta que te foi entregue em Canúsio, não tinha nenhuma suspeita de que irias atravessar o mar por causa da república, e eu estava com uma grande esperança de que poderíamos na Itália ou estabelecer a concórdia, que para mim nada parecia mais útil, ou defender a república com a maior dignidade.	José Dejalma Dezotti
Interim nondum meis litteris ad te perlatis ex iis mandatis quae D. Laelio ad consules dederas certior tui consili factus non exspectaui dum mihi a te litterae redderentur, confestimque cum Quinto fratre et cum liberis nostris iter ad te in Apuliam facere coepi.	Entretanto, ainda não levada a ti a minha carta, informado de teu plano pelos mandatos que tinhas dado a Décimo Lélio para os cônsules, não esperei até que a carta me fosse respondida por ti e imediatamente me pus a viajar com meu irmão Quinto e com nossos filhos ao teu encontro na Apúlia.	José Dejalma Dezotti
**2** Cum Teanum Sidicinum uenissem, C. Messius, familiaris tuus, mihi dixit aliique complures Caesarem iter habere Capuam et eo ipso die mansurum esse Aeserniae.	**2** Quando cheguei a Teano Sidicino, Caio Méssio, íntimo teu, e muitos outros me disseram que César estava se dirigindo a Cápua e que, nesse mesmo dia, iria permanecer em Esérnia.	José Dejalma Dezotti
Sane sum commotus quod, si ita esset, non modo iter meum interclusum sed me ipsum plane exceptum putabam.	Fiquei realmente abalado porque, se assim fosse, eu considerava que não só meu caminho seria barrado, mas que eu próprio seria apanhado.	José Dejalma Dezotti
Itaque tum Cales processi, ut ibi potissimum consisterem, dum certum nobis ab Aesernia de eo quod audieram referretur.	Por isso, segui então para Cales, para deter-me de preferência ali, até que me fosse trazido algo certo de Esérnia sobre o que eu tinha ouvido.	José Dejalma Dezotti
**3** At mihi, cum Calibus essem, adfertur litterarum tuarum exemplum quas tu ad Lentulum consulem misisses.	**3** Mas, quando eu estava em Cales, me é trazida uma cópia da tua carta que tu tinhas enviado ao cônsul Lêntulo.	José Dejalma Dezotti
Hae scriptae sic erant, litteras tibi a L. Domitio a. d. XIII Kal. Mart. adlatas esse, earumque exemplum subscripseras;	Esta estava escrita assim: que te havia sido levada uma carta de Lúcio Domício no 13º. dia antes das calendas de março \[17 de fevereiro\], e incluías uma cópia dela;	José Dejalma Dezotti
magnique interesse rei publicae scripseras omnis copias primo quoque tempore in unum locum conuenire, et ut praesidio quod satis esset Capuae relinqueret.	tinhas escrito que era de grande interesse para a república concentrar todas as tropas o quanto antes em um único lugar, e que ele deixasse em Cápua uma guarnição que fosse suficiente.	José Dejalma Dezotti
His ego litteris lectis in eadem opinione fui qua reliqui omnes, te cum omnibus copiis ad Corfinium esse uenturum;	Eu, lida esta carta, fui na mesma opinião que todos os demais, ou seja, que tu irias a Corfínio com todas as tropas;	José Dejalma Dezotti
quo mihi, cum Caesar ad oppidum castra haberet, tutum iter esse non arbitrabar.	onde eu julgava não haver um caminho seguro para mim, uma vez que César tinha acampamento junto à cidade.	José Dejalma Dezotti
Cum res in summa exspectatione esset, utrumque simul audiuimus, et quae Corfini acta essent et te iter Brundisium facere coepisse;	Estava a situação na maior expectativa, quando ouvimos ao mesmo tempo duas coisas: o que tinha acontecido em Corfínio e que tu tinhas começado a viajar para Brundísio;	José Dejalma Dezotti
cumque nec mihi nec fratri meo dubium esset quin Brundisium contenderemus, a multis qui e Samnio Apuliaque ueniebant admoniti sumus ut caueremus ne exciperemur a Caesare, quod is in eadem loca quae nos petebamus profectus celerius etiam quam nos possemus eo quo intenderet uenturus esset.	e quando nem eu nem meu irmão tínhamos dúvida em nos dirigir para Brundísio, fomos advertidos por muitos que vinham vinham de Sâmnio e de Apúlia para que tomássemos cuidado de não sermos apanhados por César, visto que ele, tendo partido para o mesmo lugar que nós buscávamos, chegaria mais rápido ainda do que nós poderíamos ao local onde se dirigia.	José Dejalma Dezotti
Quod cum ita esset, nec mihi nec fratri meo nec cuiquam amicorum placuit committere ut temeritas nostra non solum nobis sed etiam rei publicae noceret cum praesertim non dubitaremus quin, si etiam tutum nobis iter fuisset, te tamen iam consequi non possemus.	Como isso fosse assim, nem a mim, nem a meu irmão, nem a nenhum dos amigos agradou correr o risco de que nossa temeridade não só nos prejudicasse a nós, mas também à república, principalmente porque não duvidávamos de que, mesmo que houvesse para nós um caminho seguro, já não poderíamos alcançar-te.	José Dejalma Dezotti
**4** Interim accepimus tuas litteras Canusio a. d. x Kal. Mart. datas, quibus nos hortaris ut celerius Brundisium ueniamus.	**4** Entrementes, recebemos tua carta de Canúsio entregue no 10º. dia antes das calendas de março \[20 de fevereiro\], na qual nos exortas a irmos o mais rapidamente a Brundísio.	José Dejalma Dezotti
Quas cum accepissemus a. d. III Kal. Mart., non dubitabamus quin tu iam Brundisium peruenisses, nobisque iter illud omnino interclusum uidebamus neque minus nos esse captos quam qui Corfini fuissent;	Como a tivéssemos recebido no 3º. dia antes das calendas de março \[27 de fevereiro\], não duvidamos de que tu já tinhas chegado a Brundísio e víamos o caminho completamente barrado para nós e não fomos nós menos capturados do que os que tinham estado em Corfínio;	José Dejalma Dezotti
neque enim eos solos arbitrabamur capi qui in armatorum manus incidissent sed eos nihilo minus qui regionibus exclusi intra praesidia atque intra arma aliena uenissent.		José Dejalma Dezotti
**5** Quod cum ita sit, maxime uellem primum semper tecum fuissem, quod quidem tibi ostenderam cum a me Capuam reiciebam;		José Dejalma Dezotti
quod feci non uitandi oneris causa sed quod uidebam teneri illam urbem sine exercitu non posse, accidere autem mihi nolebam quod doleo uiris fortissimis accidisse.		José Dejalma Dezotti
Quoniam autem tecum ut essem non contigit, utinam tui consili certior factus essem\!		José Dejalma Dezotti
Nam suspicione adsequi non potui, quod omnia prius arbitratus sum fore quam ut haec rei publicae causa in Italia non posset duce te consistere.		José Dejalma Dezotti
Neque uero nunc consilium tuum reprehendo, sed fortunam rei publicae lugeo;		José Dejalma Dezotti
nec, si ego quid tu secutus sis non perspicio, idcirco minus existimo te nihil nisi summa ratione fecisse.		José Dejalma Dezotti
**6** Mea quae semper fuerit sententia primum de pace uel iniqua condicione retinenda, deinde de urbe (nam de Italia quidem nihil mihi umquam ostenderas), meminisse te arbitror.		José Dejalma Dezotti
Sed mihi non sumo ut meum consilium ualere debuerit;		José Dejalma Dezotti
secutus sum tuum, neque id rei publicae causa, de qua desperaui, quae et nunc adflicta est nec excitari sine ciuili perniciosissimo bello potest, sed te quaerebam, tecum esse cupiebam, neque eius rei facultatem, si qua erit, praetermittam.		José Dejalma Dezotti
**7** Ego me in hac omni causa facile intellegebam pugnandi cupidis hominibus non satis facere.		José Dejalma Dezotti
Primum enim prae me tuli me nihil malle quam pacem, non quin eadem timerem quae illi sed ea bello ciuili leuiora ducebam.		José Dejalma Dezotti
Deinde suscepto bello, cum pacis condiciones ad te adferri a teque ad eas honorifice et large responderi uiderem, duxi meam rationem;		José Dejalma Dezotti
quam tibi facile me probaturum pro tuo in me beneficio arbitrabar. memineram me esse unum qui pro meis maximis in rem publicam meritis supplicia miserrima et crudelissima pertulissem, me esse unum qui, si offendissem eius animum cui tum cum iam in armis essemus consulatus tamen alter et triumphus amplissimus deferebatur, subicerer isdem proeliis, ut mea persona semper ad improborum ciuium impetus aliquid uideretur habere populare.		José Dejalma Dezotti
Atque haec non ego prius sum suspicatus quam mihi palam denuntiata sunt, neque ea tam pertimui, si subeunda essent, quam declinanda putaui, si honeste uitare possem.		José Dejalma Dezotti
**8** Quam ob rem illius temporis, dum in spe pax fuit, rationem nostram uides, reliqui facultatem res ademit.		José Dejalma Dezotti
Iis autem quibus non satis facio facile respondeo;		José Dejalma Dezotti
neque enim ego amicior C. Caesari umquam fui quam illi neque illi amiciores rei publicae quam ego.		José Dejalma Dezotti
Hoc inter me et illos interest, quod, cum et illi ciues optimi sint et ego ab ista laude non absim, ego condicionibus, quod idem te intellexeram uelle, illi armis disceptari maluerunt;		José Dejalma Dezotti
quae quoniam ratio uicit, perficiam profecto ut neque res publica ciuis a me animum neque tu amici desideres.		José Dejalma Dezotti
		José Dejalma Dezotti
**12**	**12**	José Dejalma Dezotti
Cicero Attico sal.	Cícero saúda Ático.	José Dejalma Dezotti
**1** Mihi molestior lippitudo erat etiam quam ante fuerat;	**1** A oftalmia me é ainda mais penosa do que era antes;	José Dejalma Dezotti
dictare tamen hanc epistulam malui quam Gallo Fabio amantissimo utriusque nostrum nihil ad te litterarum dare.	contudo, preferi ditar esta carta a não entregar nenhuma missiva para ti a Galo Fábio, amicíssimo de nós dois.	José Dejalma Dezotti
Nam pridie quidem, quoquo modo potueram, scripseram ipse eas litteras quarum uaticinationem falsam esse cupio.	Pois ontem, na verdade, eu próprio escrevi como pude aquela carta cujo vaticínio desejo que seja falso.	José Dejalma Dezotti
Huius autem epistulae non solum ea causa est, ut ne quis a me dies intermittatur quin dem ad te litteras, sed etiam haec iustior, ut a te impetrarem ut sumeres aliquid temporis ...	O motivo desta carta, porém, não é só para não seja deixado passar por mim nenhum dia, sem que eu entregue uma carta para ti, mas também é este mais razoável: para que eu consiga de ti que tomes algo de seu tempo...	José Dejalma Dezotti
Explicari mihi tuum consilium plane uolo, ut penitus intellegam.	Quero que me expliques com clareza o teu plano, para que eu o entenda plenamente.	José Dejalma Dezotti
**2** Omnia sunt integra nobis;	**2** Tudo está intacto para mim;	José Dejalma Dezotti
nihil praetermissum est quod non habeat sapientem excusationem, non modo probabilem.	nada foi omitido que tenha uma justificativa sábia, não só plausível.	José Dejalma Dezotti
Nam certe neque tum peccaui cum imperatam iam Capuam non solum ignauiae dedecus sed etiam perfidiae suspicionem fugiens accipere nolui, neque cum post condiciones pacis per L. Caesarem et Fabatum adlatas caui ne animum eius offenderem cui Pompeius iam armatus armato consulatum triumphumque deferret.	Pois certamente não errei nem quando não quis aceitar cargo de mando de Cápua, evitando não só a desonra da covardia, mas também a suspeita da traição, nem quando, após as condições de paz propostas por intermédio de Lúcio César e de Fabato, tomei cuidado de não ofender o ânimo daquele a quem, armado, Pompeu, também já armado, oferecia o consulado e o triunfo.	José Dejalma Dezotti
**3** Nec uero haec extrema quisquam potest iure reprehendere, quod mare non transierim.	**3** E, realmente, ninguém pode criticar com justiça esta última coisa, por eu não ter atravessado o mar.	José Dejalma Dezotti
Id enim, etsi erat deliberationis, tamen obire non potui;	Pois, embora houvesse essa deliberação, não pude, contudo, ir;	José Dejalma Dezotti
neque enim suspicari debui, cum praesertim ex ipsius Pompei litteris, idem quod te uideo existimasse, non dubitarim quin is Domitio subuenturus esset, et plane quid rectum et quid faciendum mihi esset diutius cogitare malui.	pois eu não devia suspeitar, uma vez que, principalmente pela própria carta de Pompeu, eu não tinha dúvida, e vejo que tu pensou o mesmo, de que ele iria levar socorro a Domício, e, sem dúvida, preferi meditar por mais tempo o que seria justo e o que eu deveria fazer.	José Dejalma Dezotti
**4** Primum igitur haec qualia tibi esse uideantur, etsi significata sunt a te, tamen accuratius mihi perscribas uelim, deinde aliquid etiam in posterum prospicias fingasque quem me esse deceat et ubi me plurimum prodesse rei publicae sentias, ecquae pacifica persona desideretur an in bellatore sint omnia.	**4** Portanto, primeiramente, gostaria que me escrevesses mais detalhadamente, embora já tenha sido indicado por ti, o que te parece ser isso, em seguida que lançasses também um olhar para o futuro e delineasses quem convém que eu seja e onde sentes que eu possa ser mais útil à república, se se deseja uma pessoa de paz ou se tudo reside num homem belicoso.	José Dejalma Dezotti
**5** Atque ego, qui omnia officio metior, recordor tamen tua consilia, quibus si paruissem, tristitiam illorum temporum non subissem.	**5** E eu, que meço tudo pelo dever, recordo, contudo, os teus conselhos e se eu os tivesse seguido, não teria sofrido a tristeza daqueles tempos.	José Dejalma Dezotti
Memini quid mihi tum suaseris per Theophanem, per Culleonem, idque saepe ingemiscens sum recordatus.	Lembro-me então do que me aconselhaste por meio de Teófanes, por meio de Culeão, e isso eu tenho recordado muitas vezes gemendo.	José Dejalma Dezotti
Qua re nunc saltem ad illos calculos reuertamur quos tum abiecimus, ut non solum gloriosis consiliis utamur sed etiam paulo salubrioribus.	Por isso voltemos ao menos agora àqueles cálculos que então deixamos de lado, a fim de nos valermos de projetos não só gloriosos, mas também um pouco mais salutares.	José Dejalma Dezotti
Sed nihil praescribo;	Mas não prescrevo nada;	José Dejalma Dezotti
accurate uelim perscribas tuam ad me sententiam.	gostaria que tu me prescrevesses detalhadamente a tua opinião.	José Dejalma Dezotti
**6** Volo etiam exquiras quam diligentissime poteris (habebis autem per quos possis) quid Lentulus noster, quid Domitius agat, quid acturus sit, quem ad modum nunc se gerant, num quem accusent, num cui suscenseant \- quid dico num cui? num Pompeio.	**6** Quero ainda que verifiques o mais diligentemente que puderes (e terás pessoas através das quais possas verificar) o que o nosso querido Lêntulo, o que Domício estão fazendo, o que vão fazer, de que modo agora se comportam, se acusam alguém, se estão bravos com alguém \- porque digo com alguém? \- com Pompeu.	José Dejalma Dezotti
Omnino culpam omnem Pompeius in Domitium confert, quod ipsius litteris cognosci potest quarum exemplum ad te misi.	Pompeu joga inteiramente toda a culpa em Domício, o que se pode saber por sua própria carta, cuja cópia enviei a ti.	José Dejalma Dezotti
Haec igitur uidebis et, quod ante ad te scripsi, Demetri Magnetis librum quem ad te misit de concordia uelim mihi mittas.	Isto, portanto, verás e, como te escrevi antes, gostaria que me enviasses o livro de Demétrio da Magnésia Sobre a Concórdia, que ele enviou a ti.	José Dejalma Dezotti
		José Dejalma Dezotti
**12a**	**12a**	José Dejalma Dezotti
Cn. Magnus procos.s.d C. Marcello L. Lentulo coss.	O procônsul Cneu Magno saúda os cônsules Caio Marcelo e Lúcio Lêntulo	José Dejalma Dezotti
**1** Ego quod existimabam dispersos nos neque rei publicae utilis neque nobis praesidio esse posse, idcirco ad L. Domitium litteras misi, primum ut ipse cum omni copia ad nos ueniret;	**1** Eu, porque considero que dispersos nós não podemos nem ser úteis à república nem estarmos em segurança, enviei por isso uma carta a Lúcio Domício, para que ele viesse com todo seu exército até nós o mais antes possível;	José Dejalma Dezotti
si de se dubitaret, ut cohortis XVIIII quae ex Piceno ad me iter habebant ad nos mitteret.	se ele duvida acerca de si mesmo, que nos envie as dezenove coortes que se dirigiam de Piceno até mim.	José Dejalma Dezotti
Quod ueritus sum factum est, ut Domitius implicaretur, ut neque ipse satis firmus esset ad castra facienda, quod meas XVIIII et suas XII cohortis in tribus oppidis distributas haberet (nam partim Albae, partim Sulmone collocauit), neque se, si uellet, expedire posset.	O que eu temi, aconteceu: Domício está encalacrado, e ele próprio não é suficientemente forte para estabelecer um acampamento, porque tem distribuídas em três cidades as minhas 19 coortes e as 12 suas (pois colocou parte em Alba, parte em Sulmona), e não pode se livrar, se quisesse.	José Dejalma Dezotti
**2** Nunc scitote me esse in summa sollicitudine.	**2** Agora fica sabendo que eu estou na maior ansiedade.	José Dejalma Dezotti
Nam et tot et talis uiros periculo obsidionis liberare cupio neque subsidio ire possum, quod his duabus legionibus non puto esse committendum ut illuc ducantur;	Pois desejo livrar do perigo de um certo tantos e tão valiosos homens e não posso ir em seu auxílio porque não acho que devo confiar nestas duas legiões que sejam conduzidas para lá.	José Dejalma Dezotti
ex quibus tamen non amplius XIIII cohortis contrahere potui, quod Brundisium praesidium misi neque Canusium sine praesidio, dum abessem, putaui esse dimittendum.	destas, contudo, não pude reunir mais do que 14 coortes, porque enviei uma guarnição a Brundísio e achei que não devia abandonar Canúsio sem guarnição, enquanto eu estivesse ausente.	José Dejalma Dezotti
**3** D. Laelio mandaram, quod maiores copias sperabam nos habituros, ut, si uobis uideretur, alter uter uestrum ad me ueniret, alter in Siciliam cum ea copia quam Capuae et circum Capuam comparastis et cum iis militibus quos Faustus legit proficisceretur, Domitius cum XII suis cohortibus eodem adiungeretur, reliquae copiae omnes Brundisium cogerentur et inde nauibus Dyrrachium transportarentur.	**3** Eu tinha encarregado Décimo Lélio, pois esperava que teríamos tropas maiores, para que, se vos parecesse, um qualquer de vós viesse até mim e o outro partisse para a Sicília com essa tropa que formastes em Cápua e nos arredores de Cápua e com os soldados que Fausto recrutou, que Domício se juntasse no mesmo local com suas 12 coortes, que todas as tropas restantes fossem concentradas em Brundísio e de lá fossem transportadas de barcos para Dirráquio.	José Dejalma Dezotti
Nunc cum hoc tempore nihilo magis ego quam uos subsidio Domitio ire possim...	Agora, como neste momento eu, do mesmo modo que vós, não posso de jeito algum ir em auxílio de Domício...	José Dejalma Dezotti
... se per montis explicare, non est nobis committendum ut ad has XIIII cohortis quas dubio animo habeo hostis accedere aut in itinere me consequi possit.	... livrar-se através das montanhas, não devemos correr o risco de que o inimigo se aproxime destas 14 coortes, de que tenho desconfiança, ou possa alcançar-me no caminho.	José Dejalma Dezotti
**4** Quam ob rem placitum est mihi (... uideo censeri M. Marcello et ceteris nostri ordinis qui hic sunt) ut Brundisium ducerem hanc copiam quam mecum habeo.	**4** Por esta razão resolvi (... vejo que pensam o mesmo Marco Marcelo e os demais de nossa ordem que estão aqui) que levaria a Brundísio esta tropa que tenho comigo.	José Dejalma Dezotti
Vos hortor ut quodcumque militum contrahere poteritis contrahatis et eodem Brundisium ueniatis quam primum.	Exorto-vos a que junteis todos os soldados que puderdes juntar e que venhais igualmente o quanto antes a Brundísio.	José Dejalma Dezotti
Arma quae ad me missuri eratis, iis censeo armetis milites quos uobiscum habetis.	As armas que irieis me mandar, penso, armeis com elas os soldados que tendes convosco.	José Dejalma Dezotti
Quae arma superabunt, ea si Brundisium iumentis deportaritis uehementer rei publicae profueritis.	As armas que sobrarem, se as levardes a Brundísio em jumentos, sereis extremamente úteis à república.	José Dejalma Dezotti
De hac re uelim nostros certiores faciatis.	Gostaria que informásseis os nossos sobre esse assunto.	José Dejalma Dezotti
Ego ad P. Lupum et C. Coponium praetores misi ut se uobis coniungerent et militum quod haberent ad uos deducerent.	Eu mandei avisar aos pretores Públio Lupo e Caio Copônio que se juntassem a vós e vos levassem o que tivessem de soldados.	José Dejalma Dezotti
		José Dejalma Dezotti
**12b**	**12b**	José Dejalma Dezotti
Cn. Magnus procos.s.d L. Domitio procos.	O procônsul Cneu Magno saúda o procônsul Lúcio Domício	José Dejalma Dezotti
**1** Valde miror te ad me nihil scribere et potius ab aliis quam a te de re publica me certiorem fieri.	**1** Acho bastante estranho tu não me escreveres nada e eu ser mais informado sobre a república pelos outros do que por ti.	José Dejalma Dezotti
Nos disiecta manu pares aduersariis esse non possumus;	Nós, com o corpo de tropas dividido, não podemos igualar-nos aos adversários;	José Dejalma Dezotti
contractis nostris copiis spero nos et rei publicae et communi saluti prodesse posse.	com as nossas tropas reunidas, espero que possamos ser úteis à república e à salvação comum.	José Dejalma Dezotti
Quam ob rem cum constituisses, ut Vibullius mihi scripserat, a. d. V Id. Febr. Corfinio proficisci cum exercitu et ad me uenire, miror quid causae fuerit qua re consilium mutaris.	Por esse motivo, uma vez que tinhas decidido, como me escrevera Vibúlio, partir com teu exército no quinto dia antes dos idos de fevereiro \[dia 9 de fevereiro\] e vir até mim, me pergunto com estranheza qual foi o motivo de teres mudado teu plano.	José Dejalma Dezotti
Nam illa causa quam mihi Vibullius scribit leuis est, te propterea moratum esse quod audieris Caesarem Firmo progressum in Castrum Truentinum uenisse;	Pois aquele motivo que Vibúlio me escreve é insignificante, que te demoraste porque ouviste que César, tendo avançado de Firmo, tinha chegado a Castro Truentino;	José Dejalma Dezotti
quanto enim magis appropinquare aduersarius coepit, eo tibi celerius agendum erat ut te mecum coniungeres prius quam Caesar aut tuum iter impedire aut me abs te excludere posset.	pois quanto mais o adversário começa a aproximar-se, tanto mais rapidamente devias agir para te juntares comigo, antes que César possa impedir teu caminho ou isolar-me de ti.	José Dejalma Dezotti
**2** Quam ob rem etiam te rogo et hortor, id quod non destiti superioribus litteris a te petere, ut primo quoque die Luceriam ad me uenires, ante quam copiae quas instituit Caesar contrahere in unum locum coactae uos a nobis distrahant.	**2** Por essa razão ainda te imploro e exorto, o que não deixei de pedir-te nas cartas anteriores, que venhas até mim em Lucério no primeiro dia que puderes, antes que as tropas que César decidiu reunir, concentradas num único lugar, vos separem de nós.	José Dejalma Dezotti
Sed si erunt qui te impediant ut uillas suas seruent, aequum est me a te impetrare ut cohortis quae ex Piceno et Camerino uenerunt, quae fortunas suas reliquerunt, ad me missum facias.	Mas se houver os que te impedem para conservarem suas chácaras, é justo que eu exija de ti que envies para mim as coortes que vieram de Piceno e de Camerino e que abandonaram suas próprias fortunas.	José Dejalma Dezotti
		José Dejalma Dezotti
**12c**	**12c**	José Dejalma Dezotti
Cn. Magnus procos.s.d L. Domitio procos.	O procônsul Cneu Magno saúda o procônsul Lúcio Domício	José Dejalma Dezotti
**1** Litteras abs te M. Calenius ad me attulit a. d. XIIII Kal. Mart.;	**1** Marco Calênio trouxe para mim uma carta tua no décimo quarto dia antes das calendas de março \[16 de fevereiro\];	José Dejalma Dezotti
in quibus litteris scribis tibi in animo esse obseruare Caesarem et, si secundum mare ad me ire coepisset, confestim in Samnium ad me uenturum, sin autem ille circum istaec loca commoraretur, te ei, si propius accessisset, resistere uelle.	nessa carta escreves que tens a intenção de observar César e, se ele começasse a ir em minha direção pelo mar, imediatamente virias a meu encontro em Sâmnio, se, porém, ele demorasse em torno desses lugares, desejarias resistir a ele, se chegasse mais perto.	José Dejalma Dezotti
Te animo magno et forti istam rem agere existimo, sed diligentius nobis est uidendum ne distracti pares esse aduersario non possimus, cum ille magnas copias habeat et maiores breui habiturus sit.	Avalio que fazes isso com grande e corajoso ânimo, mas devemos nos precaver com mais cuidado, pois, divididos, não podemos igualar-nos ao adversário, uma vez que ele tem grandes tropas e, em breve, terá maiores.	José Dejalma Dezotti
Non enim pro tua prouidentia debes illud solum animaduertere, quot in praesentia cohortis contra te habeat Caesar, sed quantas breui tempore equitum et peditum copias contracturus sit.	Pois não deves, de acordo com tuas previsões, atentar só para o seguinte: quantas coortes tem César contra ti no momento atual, mas quão grandes tropas de infantes e cavaleiros ele reunirá em breve tempo.	José Dejalma Dezotti
Cui rei testimonio sunt litterae quas Bussenius ad me misit;	É testemunho desse fato a carta que Bussênio enviou para mim;	José Dejalma Dezotti
in quibus scribit, id quod ab aliis quoque mihi scribitur, praesidia Curionem quae in Vmbria et Tuscis erant contrahere et ad Caesarem iter facere.	nela ele escreve, o que também me é escrito por outros, que Curião reúne as guarnições que estavam na Úmbria e na Etrúria e se dirige para junto de César.	José Dejalma Dezotti
Quae si copiae in unum locum fuerint coactae, ut pars exercitus ad Album mittatur, pars ad te accedat, ut non pugnet sed locis suis repugnet, haerebis, neque solus cum ista copia tantam multitudinem sustinere poteris ut frumentatum eas.	E se essas tropas forem concentradas em um único lugar, mesmo que uma parte do exército seja enviada para Alba e outra parte avance até tí, mesmo que ele não lute, mas se defenda em suas posições, ficarás imóvel e não poderás sozinho, com essa tua tropa, resistir a um tão grande número para ires prover-te de trigo.	José Dejalma Dezotti
**2** Quam ob rem te magno opere hortor ut quam primum cum omnibus copiis hoc uenias;	**2** Por essa razão te exorto grandemente que venhas o quanto antes para cá com todas as tuas tropas;	José Dejalma Dezotti
consules constituerunt idem facere.	os cônsules decidiram fazer o mesmo.	José Dejalma Dezotti
Ego M. Tuscilio ad te mandata dedi prouidendum esse ne duae legiones sine Picentinis cohortibus in conspectum Caesaris committerentur.	Eu dei a Marco Tuscílio o encargo para ti de que é preciso prevenir-se para que as minhas duas legiões não fossem postas à vista de César sem as coortes de Piceno.	José Dejalma Dezotti
Quam ob rem nolito commoueri si audieris me regredi, si forte Caesar ad me ueniet;	Por essa razão não te alarmes se ouvires que eu recuei, se acaso César vier até mim;	José Dejalma Dezotti
cauendum enim puto esse ne implicatus haeream.	pois acho que é preciso se precaver para não ficar cercado e imobilizado.	José Dejalma Dezotti
Nam neque castra propter anni tempus et militum animos facere possum neque ex omnibus oppidis contrahere copias expedit, ne receptum amittam;	Com efeito, eu nem posso estabelecer acampamento por causa da época do ano e do ânimo dos soldados, nem é conveniente reunir as tropas de todas as cidades para não perder a retirada;	José Dejalma Dezotti
itaque non amplius XIIII cohortis Luceriam coegi.	por isso não concentrei em Lucéria mais do 14 coortes.	José Dejalma Dezotti
**3** Consules praesidia omnia deducturi sunt aut in Siciliam ituri;	**3** Os cônsules trarão todas as guarnições ou irão para Sicília;	José Dejalma Dezotti
nam aut exercitum firmum habere oportet quo confidamus perrumpere nos posse aut regiones eius modi obtinere e quibus repugnemus, id quod neutrum nobis hoc tempore contigit, quod et magnam partem Italiae Caesar occupauit et nos non habemus exercitum tam amplum neque tam magnum quam ille.	pois ou convém ter um exército firme com o qual confiamos poder destruir ou ocupar regiões das quais rechacemos os ataques, o que não está ao alcance de nenhum de nós neste momento, porque César ocupou grande parte da Itália e nós não temos um exército tão amplo nem tão grande como ele.	José Dejalma Dezotti
Itaque nobis prouidendum est ut summae rei publicae rationem habeamus.	Por isso devemos nos prevenir para que tenhamos a razão da totalidade da república.	José Dejalma Dezotti
Etiam atque etiam te hortor ut cum omni copia quam primum ad me uenias.	Uma e outra vez te exorto a que venhas o quanto antes até mim com tua tropa toda.	José Dejalma Dezotti
Possumus etiam nunc rem publicam erigere, si communi consilio negotium administrabimus;	Podemos ainda agora erguer a república, se administrarmos o negócio de comum acordo;	José Dejalma Dezotti
si distrahemur, infirmi erimus.	se nos desunirmos, seremos frágeis.	José Dejalma Dezotti
Mihi hoc constitutum est.	Tenho isto estabelecido.	José Dejalma Dezotti
**4** His litteris scriptis (...) mihi litteras et mandata attulit.	**4** Escrita esta carta, (...) me trouxe tua carta e teus encargos.	José Dejalma Dezotti
Quod me hortare ut istuc ueniam, id me facere non arbitror posse, quod non magno opere his legionibus confido.	O fato de me exortares que eu vá aí, julgo não poder fazer isso, porque não confio muito nestas legiões.	José Dejalma Dezotti
		José Dejalma Dezotti
**12d**	**12d**	José Dejalma Dezotti
Cn. Magnus procos.s.d L. Domitio procos.	O procônsul Cneu Magno saúda o procônsul Lúcio Domício	José Dejalma Dezotti
**1** Litterae mihi a te redditae sunt a. d. XIII Kal. Mart., in quibus scribis Caesarem apud Corfinium castra posuisse.	**1** No décimo terceiro dia antes das calendas de março \[17 de fevereiro\] me foi entregue uma carta tua, na qual escreves que César estabeleceu seu acampamento junto a Corfínio.	José Dejalma Dezotti
Quod putaui et praemonui fit, ut nec in praesentia committere tecum proelium uelit et omnibus copiis conductis te implicet, ne ad me iter tibi expeditum sit atque istas copias coniungere optimorum ciuium possis cum his legionibus de quarum uoluntate dubitamus.	O que eu pensei e avisei está ocorrendo: ele não quer no momento presente travar combate contigo e te cerca com todas as suas tropas reunidas, para que não tenhas o caminho livre até mim e possas juntar essas tropas de ótimos cidadãos com estas legiões de cuja lealdade duvidamos.	José Dejalma Dezotti
Quo etiam magis tuis litteris sum commotus;	Por isso fui mais afetado por tua carta;	José Dejalma Dezotti
neque enim eorum militum quos mecum habeo uoluntate satis confido ut de omnibus fortunis rei publicae dimicem neque etiam qui ex dilectibus conscripti sunt consulibus conuenerunt.	pois não confio suficientemente na lealdade desses soldados que tenho comigo para lutar por toda a sorte da república e ainda não chegaram os que foram alistados pelos cônsules, procedentes dos recrutamentos.	José Dejalma Dezotti
**2** Qua re da operam, si ulla ratione etiam nunc efficere potes, ut te explices, hoc quam primum uenias, ante quam omnes copiae aduersarium conueniant.	**2** Por isso esforça-te, se ainda podes por algum meio consegui-lo agora, para te livrares, vem para cá o mais cedo possível, antes que cheguem todas as tropas dos adversários.	José Dejalma Dezotti
Neque enim celeriter ex dilectibus hoc homines conuenire possunt et, si conuenirent, quantum iis committendum sit qui inter se ne noti quidem sunt contra ueteranas legiones non te praeterit.	Pois os homens procedentes dos recrutamentos não podem chegar aqui com rapidez e, se chegarem, não te escapa o quanto se deve confiar contra as legiões veteranas nesses que nem sequer são conhecidos entre si.	José Dejalma Dezotti
		José Dejalma Dezotti
**13**	**13**	José Dejalma Dezotti
Cicero Attico sal.	Cícero saúda Ático.	José Dejalma Dezotti
**1** Lippitudinis meae signum tibi sit librari manus et eadem causa breuitatis;	**1** Que seja para ti uma prova de minha oftalmia a letra de meu secretário e causa também da brevidade;	José Dejalma Dezotti
etsi nunc quidem quod scriberem nihil erat.	ainda que agora, na verdade, não houvesse nada que te escrever.	José Dejalma Dezotti
Omnis exspectatio nostra erat in nuntiis Brundisinis;	Toda a nossa expectativa está nas notícias de Brundísio;	José Dejalma Dezotti
si nactus hic esset Gnaeum nostrum, spes dubia pacis, sin ille ante tramisisset, exitiosi belli metus.	se ele \[César\] tivesse encontrado o nosso querido Cneu, esperança incerta de paz, se, porém, este fez antes a travessia, medo de uma guerra funesta.	José Dejalma Dezotti
Sed uidesne in quem hominem inciderit res publica, quam acutum, quam uigilantem, quam paratum?	Mas vês, por ventura, em que homem caiu a república, quão perspicaz, quão vigilante, quão preparado?	José Dejalma Dezotti
Si mehercule neminem occiderit neque cuiquam quicquam ademerit, ab iis qui eum maxime timuerant maxime diligetur.	Se, por hércules, não matar ninguém e de ninguém roubar nada, será o mais estimado por aqueles que mais o tinham temido.	José Dejalma Dezotti
**2** Multum mecum municipales homines loquuntur, multum rusticani;	**2** Falam muito comigo os homens dos municípios, muito, os do campo;	José Dejalma Dezotti
nihil prorsus aliud curant nisi agros, nisi uillulas, nisi nummulos suos.	não se preocupam com nenhuma outra cois a não ser seus campos, a não ser suas chacarazinhas, a não ser seus dinheirinhos.	José Dejalma Dezotti
Et uide quam conuersa res sit:	E vê quão mudada está a situação:	José Dejalma Dezotti
illum quo antea confidebant metuunt, hunc amant quem timebant.	temem aquele em quem antes confiavam, estimam este de quem tinham medo.	José Dejalma Dezotti
Id quantis nostris peccatis uitiisque euenerit non possum sine molestia cogitare.	Devido a quão grandes erros e defeitos nossos isso aconteceu, não posso pensar sem sofrimento.	José Dejalma Dezotti
Quae autem impendere putarem scripseram ad te, et iam tuas litteras exspectabam.	O que, porém, eu acho que nos ameaçam te escrevi, e agora espero tua carta.	José Dejalma Dezotti
		José Dejalma Dezotti
**14**	**14**	José Dejalma Dezotti
Cicero Attico sal.	Cícero saúda Ático.	José Dejalma Dezotti
**1** Non dubito quin tibi odiosae sint epistulae cottidianae, cum praesertim neque noua de re aliqua certiorem te faciam neque nouam denique iam reperiam scribendi ullam sententiam.	**1** Não tenho dúvida de que minhas cartas diárias te são odiosas, prinicpalmente quando não te informo nada de novo sobre coisa alguma e, por fim, já não encontro nenhum novo tema para te escrever.	José Dejalma Dezotti
Sed si dedita opera, cum causa nulla esset, tabellarios ad te cum inanibus epistulis mitterem, facerem inepte;	Mas se, de propósito, sem que houvesse motivo algum, eu enviasse a ti carteiros com cartas vazias, agiria como um tolo;	José Dejalma Dezotti
euntibus uero, domesticis praesertim, ut nihil ad te dem litterarum facere non possum, et simul, crede mihi, requiesco paulum in his miseriis cum quasi tecum loquor, cum uero tuas epistulas lego, multo etiam magis.	na verdade, não posso deixar de entregar aos que partem, sobretudo pessoas de casa, cartas para ti, e ao mesmo tempo, crê-me, descanso um pouco em meio a estas desgraças quando, por assim dizer, falo contigo, e ainda muito mais quando leio tuas cartas.	José Dejalma Dezotti
Omnino intellego nullum fuisse tempus post has fugas et formidines quod magis debuerit mutum esse a litteris, propterea quod neque Romae quicquam auditur noui nec in his locis, quae a Brundisio absunt propius quam tu bidui aut tridui.	Entendo perfeitamente que não houve nenhum momento, após estas nossas fugas e temores, que foi mais necessário ficar mudo de cartas, principalmente porque não se ouve nada de novo nem em Roma nem nestes lugares que estão dois ou três dias mais perto do que tu de Brundísio.	José Dejalma Dezotti
Brundisi autem omne certamen uertitur huius proximi temporis;	E é em Brundísio que se desenrola todo o conflito deste período imediato;	José Dejalma Dezotti
qua quidem exspectatione torqueor.	e, na verdade, sou atormentado por essa expectativa.	José Dejalma Dezotti
Sed omnia ante Nonas sciemus.	Mas saberemos tudo antes das nonas \[dia 7 de março\].	José Dejalma Dezotti
Eodem enim die uideo Caesarem a Corfinio post meridiem profectum esse, id est Feralibus, quo Canusio mane Pompeium;	Pois vejo que César partiu de Corfino após o meio dia, no mesmo dia, isto é nas Ferálias, em que Pompeu partiu de Canúsio, de manhã,	José Dejalma Dezotti
eo modo autem ambulat Caesar et iis diariis militum celeritatem incitat ut timeam ne citius ad Brundisium quam opus sit accesserit.	César, porém, caminha de tal modo e incita a rapidez de seus soldados com tais rações que temo que chegue a Brundísio mais cedo do que é preciso.	José Dejalma Dezotti
**2** Dices: “Quid igitur proficis, qui anticipes eius rei molestiam quam triduo sciturus sis?”	**2** Dirás: “O que ganhas, portanto, em antecipar o sofrimento de uma coisa, que saberás em três dias?”	José Dejalma Dezotti
Nihil equidem;	Na verdade, nada;	José Dejalma Dezotti
sed, ut supra dixi, tecum perlibenter loquor, et simul scito labare meum consilium illud quod satis iam fixum uidebatur.	mas, como disse acima, é com enorme prazer que falo contigo e, além do mais, fica sabendo que está desmoronando aquele plano meu que parecia já suficientemente sólido.	José Dejalma Dezotti
Non mihi satis idonei sunt auctores ii qui a te probantur.	Não são suficientemente adequados para mim esses exemplos que são aprovados por ti.	José Dejalma Dezotti
Quod enim umquam eorum in re publica forte factum exstitit?	Pois que feito notável deles existiu por acaso algum dia na república?	José Dejalma Dezotti
Aut quis ab iis ullam rem laude dignam desiderat?	Ou quem espera deles alguma coisa digna de louvor?	José Dejalma Dezotti
Nec mehercule laudandos existimo qui trans mare belli parandi causa profecti sunt, quamquam haec ferenda non erant;	Não acho, por hércules, que devam ser louvados os que partiram através do mar para preparar a guerra, ainda que as coisas aqui não fossem suportáveis;	José Dejalma Dezotti
uideo enim quantum id bellum et quam pestiferum futurum sit.	pois vejo que grande e quão funesta vai ser essa guerra.	José Dejalma Dezotti
Sed me mouet unus uir, cuius fugientis comes, rem publicam recuperantis socius uideor esse debere.	Mas me move um único homem, de quem pareço que devo ser companheiro de fuga e aliado na recuperação da república.	José Dejalma Dezotti
“Totiensne igitur sententiam mutas?”	“Tantas vezes, portanto, mudas de opinião?”	José Dejalma Dezotti
Ego tecum tamquam mecum loquor.	Eu falo contigo como comigo mesmo.	José Dejalma Dezotti
Quis autem est tanta quidem de re quin uarie secum ipse disputet?	Há alguém que realmente não discuta de modo variado consigo mesmo sobre um assunto tão importante?	José Dejalma Dezotti
Simul et elicere cupio sententiam tuam, si manet, ut firmior sim, si mutata est, ut tibi adsentiar.	Ao mesmo tempo, também desejo arrancar a tua opinião, se permanece, para que eu fique mais firme, se mudou, para que esteja de acordo contigo.	José Dejalma Dezotti
**3** Omnino ad id de quo dubito pertinet me scire quid Domitius acturus sit, quid noster Lentulus.	**3** De todo modo, diz respeito a isso em que hesito eu saber o que fará Domício, o que o nosso querido Lêntulo.	José Dejalma Dezotti
De Domitio uaria audimus:	Sobre Domício ouvi várias coisas:	José Dejalma Dezotti
modo esse in Tiburti aut (...) ad urbem, quod item falsum uideo esse;	ora que ele está em Tíbur ou (...) à cidade, o que vejo ser também falso;	José Dejalma Dezotti
ait enim Lepidus eum nescio quo penetrasse itineribus occultis, occultandi sui causa an maris adipiscendi \- ne id quidem scit;	pois diz Lépido que ele se meteu não sei onde por caminhos ocultos, para ocultar-se ou para alcançar o mar – nem mesmo isso ele sabe;	José Dejalma Dezotti
ignorat etiam de filio.	não sabe também acerca do filho.	José Dejalma Dezotti
Addit illud sane molestum, pecuniam Domitio satis grandem quam is Corfini habuerit non esse redditam.	Acresce uma coisa sem dúvida molesta, não foi devolvida a Domício uma soma bastante grande que ele tinha em Corfínio.	José Dejalma Dezotti
De Lentulo autem nihil audimus.	Já sobre Lêntulo não ouvimos nada.	José Dejalma Dezotti
Haec uelim exquiras ad meque perscribas.	Queria que investigasses estas coisas e me escrevesses detalhadamente.	José Dejalma Dezotti
		José Dejalma Dezotti
**15**	**15**	José Dejalma Dezotti
Cicero Attico sal.	Cícero saúda Ático.	José Dejalma Dezotti
**1** A. d. V Non. Mart. epistulas mihi tuas Aegypta reddidit, unam ueterem, IIII Kal. quam te scribis dedisse Pinario, quem non uidimus;	**1** No quinto dia antes das nonas de março \[3 de março\] Egipta me entregou cartas tuas, uma antiga, do quarto dia antes das calendas \[26 de fevereiro\], que escreves que entregaste a Pinário, a quem não vimos;	José Dejalma Dezotti
in qua exspectas quidnam praemissus agat Vibullius, qui omnino non est uisus a Caesare (id altera epistula uideo te scire ita esse), et quem ad modum redeuntem excipiam Caesarem, quem omnino uitare cogito, et fugam intendis commutationemque uitae tuae, quod tibi puto esse faciendum, et ignoras Domitius cum fascibusne sit;	nesta, estás na expectativa do que Vibúlio, enviado na frente, possa fazer, o qual, na verdade, não foi visto por César (vejo na outra carta que tu sabes que isso é assim), e de como vou receber César, quando ele voltar, a quem penso evitar completamente, e projetas uma fuga e uma mudança em tua vida, o que acho que deves fazer, e ignoras se Domício está com os fasces;	José Dejalma Dezotti
quod cum scies, facies ut sciamus.	quando souberes isso, farás com que saibamos.	José Dejalma Dezotti
Habes ad primam epistulam.	Tens com relação à primeira carta.	José Dejalma Dezotti
**2** Secutae sunt duae prid. Kal. ambae datae, quae me conuellerunt de pristino statu, iam tamen, ut ante ad te scripsi, labantem.	**2** Seguiram duas, ambas entregues na véspera das calendas \[28 de fevereiro\], que me arrancaram da antiga posição, ainda que, como te escrevi antes, eu já estivesse hesitando.	José Dejalma Dezotti
Nec me mouet quod scribis “Ioui ipsi iniquum”;	E não me move o que escreves “iníquo para o próprio Júpiter”;	José Dejalma Dezotti
nam periculum in utriusque iracundia positum est, uictoria autem ita incerta ut deterior causa paratior mihi esse uideatur.	pois o perigo está posto na raiva de ambos, a vitória, por outro lado, é tão incerta que a causa pior me parece ser a mais preparada.	José Dejalma Dezotti
Nec me consules mouent, qui ipsi pluma aut folio facilius mouentur.	Nem me movem os cônsules, que são movidos eles próprios mais facilmente do que uma pluma ou uma folha.	José Dejalma Dezotti
Offici me deliberatio cruciat cruciauitque adhuc.	É a deliberação do meu dever que me atormenta e tem me atormentado até agora.	José Dejalma Dezotti
Cautior certe est mansio, honestior existimatur traiectio;	A permanência é certamente mais prudente, a travessia é considerada mais honrosa;	José Dejalma Dezotti
malo interdum multi me non caute quam pauci non honeste fecisse existiment.	às vezes prefiro que muitos considerem que eu agi com imprudência do que poucos, que eu agi com desonra.	José Dejalma Dezotti
De Lepido et Tullo quod quaeris, illi uero non dubitant quin Caesari praesto futuri in senatumque uenturi sint.	Quanto ao que perguntas sobre Lépido e Tulo, eles realmente não têm dúvida de que estarão à disposição de César e virão ao senado.	José Dejalma Dezotti
**3** Recentissima tua est epistula Kalendis data, in qua optas congressum pacemque non desperas;	**3** A tua carta mais recente foi entregue nas calendas \[dia 1º. de março\], e nela desejas uma reunião e não perdes a esperança de paz;	José Dejalma Dezotti
sed ego cum haec scribebam nec illos congressuros nec, si congressi essent, Pompeium ad ullam condicionem accessurum putabam.	mas eu, enquanto te escrevo esta, acho que nem eles vão se reunir, nem Pompeu, se se reunirem, acederá a nenhuma condição.	José Dejalma Dezotti
Quod uideris non dubitare, si consules transeant, quid nos facere oporteat, certe transeunt uel, quo modo nunc est, transierunt.	Quanto ao que pareces não duvidar do que é que eu devo fazer, se os cônsules atravessam o mar, com certeza o estão atravessando ou, do modo como estão as coisas agora, já o atravessaram.	José Dejalma Dezotti
Sed memento praeter Appium neminem esse fere qui non ius habeat transeundi;	Mas lembra-te de que, com exceção de Ápio, não há quase ninguém não tenha o direito de atravessar;	José Dejalma Dezotti
nam aut cum imperio sunt, ut Pompeius, ut Scipio, Sufenas, Fannius, Voconius, Sestius, ipsi consules, quibus more maiorum concessum est uel omnis adire prouincias, aut legati sunt eorum.	pois ou estão com o comando militar, como Pompeu, como Cipião, Sufenas, Fânio, Vocônio, Séstio, os próprios cônsules, aos quais foi concedido, pela tradição dos nossos antepassados, ir a todas as províncias, ou são legados deles.	José Dejalma Dezotti
Sed nihil differo;	Mas não adio nada;	José Dejalma Dezotti
quid placeat tibi et quid prope modum rectum sit intellego.	entendo o que te agrada e o que mais ou menos é correto.	José Dejalma Dezotti
Plura scriberem, si ipse possem;	Te escreveria mais, se eu próprio pudesse;	José Dejalma Dezotti
sed, ut mihi uideor, potero biduo.	mas, conforme me parece, poderei dentro de dois dias.	José Dejalma Dezotti
Balbi Corneli litterarum exemplum quas eodem die accepi quo tuas misi ad te, ut meam uicem doleres, cum me derideri uideres.	Enviei a ti uma cópia da carta de Balbo Cornélio, que recebi no mesmo dia que as tuas, para que lastimes minha condição, ao veres como sou escarnecido.	José Dejalma Dezotti
		José Dejalma Dezotti
**15a**	**15a**	José Dejalma Dezotti
Balbus Ciceroni imp. sal.	Balbo saúda o general Cícero.	José Dejalma Dezotti
**1** Obsecro te, Cicero, suscipe curam et cogitationem dignissimam tuae uirtutis, ut Caesarem et Pompeium perfidia hominum distractos rursus in pristinam concordiam reducas.	**1** Suplico-te, Cícero, encarrega-te da incumbência e do projeto mais dignos de teu caráter, de modo que reconduzas à antiga cordialidade César e Pompeu, separados pela perfídia dos homens.	José Dejalma Dezotti
Crede mihi Caesarem non solum fore in tua potestate sed etiam maximum beneficium te sibi dedisse iudicaturum, si huc te reicis.	Crê-me que César não só estará à tua disposição, mas também vai considerar que tu lhe prestaste o maior benefício, se te aplicas a isso.	José Dejalma Dezotti
Velim idem Pompeius faciat;	Queria que Pompeu fizesse o mesmo;	José Dejalma Dezotti
qui ut adduci tali tempore ad ullam condicionem possit magis opto quam spero.	mas eu sinto mais desejo do que esperança de que ele possa ser levado, em tal tempo, a algum pacto.	José Dejalma Dezotti
Sed cum constiterit et timere desierit, tum incipiam non desperare et tuam auctoritatem plurimum apud eum ualituram.	Mas quando ele parar e deixar de temer, então começarei a ter esperança de que também tua autoridade valerá muitíssimo junto dele.	José Dejalma Dezotti
**2** Quod Lentulum consulem meum uoluisti hic remanere, Caesari gratum, mihi uero gratissimum me dius fidius fecisti;	**2** Pelo fato de teres desejado que meu querido cônsul Lêntulo permanecesse aqui, fizeste uma coisa agradável a César, e a mim, pelos deuses, agradabilíssima;	José Dejalma Dezotti
nam illum tanti facio qui non Caesarem magis diligam.	pois o tenho em tão grande apreço que nem a César eu estimo mais.	José Dejalma Dezotti
Qui si passus esset nos secum, ut consueueramus, loqui et non se totum etiam et etiam ab sermone nostro auertisset, minus miser quam sum essem.	Se ele tivesse permitido que eu falasse com ele, como costumava, e não tivesse se afastado repetidas vezes de minha conversa, eu seria menos infeliz do que sou.	José Dejalma Dezotti
Nam caue putes hoc tempore plus me quemquam cruciari, quod eum, quem ante me diligo, uideo in consulatu quiduis potius esse quam consulem.	Pois não julgues que, neste momento, alguém sofre mais do que eu, quando vejo aquele, que eu estimo mais do que a mim, ser, em seu consulado qualquer outra coisa do que cônsul.	José Dejalma Dezotti
Quod si uoluerit tibi obtemperare et nobis de Caesare credere et consulatum reliquum Romae peragere, incipiam sperare etiam consilio senatus auctore te, illo relatore Pompeium et Caesarem coniungi posse;	E se ele quiser obdecer-te e acreditar em nós acerca de César e cumprir o restante de seu consulado em Roma, começarei a ter esperança de que, com o conselho do senado, por inciativa tua e por mediação dele, Pompeu e César possam unir-se;	José Dejalma Dezotti
quod si factum erit, satis me uixisse putabo.	e se isto acontecer, considerarei já ter vivido suficientemente.	José Dejalma Dezotti
**3** Factum Caesaris de Corfinio totum te probaturum scio;	**3** Sei que aprovarás totalmente a ação de César a respeito de Corfínio;	José Dejalma Dezotti
et, quo modo in eius modi re, commodius cadere non potuit quam ut res sine sanguine confieret.	e como, num assunto desse tipo, não pôde acontecer nada melhor do que que a coisa se produzisse sem sangue.	José Dejalma Dezotti
Balbi mei tuique aduentu te delectatum ualde gaudeo.	Fico contente que tu te deleitaste com a chegada do meu e do teu querido Balbo.	José Dejalma Dezotti
Is quaecumque tibi de Caesare dixit quaeque Caesar scripsit, scio, re tibi probabit, quaecumque fortuna eius fuerit, uerissime scripsisse.	Tudo o que ele te disse sobre César e tudo o que César te escreveu, ele te aprovará por este fato, eu sei que ele, seja qual for a sorte dele, te escreveu com toda sinceridade.	José Dejalma Dezotti
		José Dejalma Dezotti
**16**	**16**	José Dejalma Dezotti
Cicero Attico sal.	Cícero saúda Ático.	José Dejalma Dezotti
**1** Omnia mihi prouisa sunt praeter occultum et tutum iter ad mare superum;	**1** Tenho tudo providenciado, menos uma rota oculta e segura até o mar Adriático;	José Dejalma Dezotti
hoc enim mari uti non possumus hoc tempore anni.	pois não podemos usar este mar aqui nesta época do ano.	José Dejalma Dezotti
Illuc autem quo spectat animus et quo res uocat qua ueniam?	Mas por onde vou chegar aonde meu espírito olha e a situação me chama?	José Dejalma Dezotti
Cedendum enim est celeriter, ne forte qua re impediar atque adliger.	pois tenho de partir rapidamente, para que eu não seja, por acaso, impedido e atado por alguma coisa.	José Dejalma Dezotti
Nec uero ille me ducit qui uidetur;	E, na verdade, não me induz aquele que parece;	José Dejalma Dezotti
quem ego hominem ἀπολιτικώτατον omnium iam ante cognoram, nunc uero etiam ἀστρατηγητότατον.	já antes eu o conhecia como o homem *menos político* de todos, agora, na verdade, o vejo também como o *menos capaz dos generais*.	José Dejalma Dezotti
Non me igitur is ducit sed sermo hominum qui ad me a Philotimo scribitur;	Não é ele, portanto, que me induz, mas a conversa dos homens, que me é relatada por escrito por Filotimo;	José Dejalma Dezotti
is enim me ab optimatibus ait conscindi.	pois ele me diz que estou sendo despedaçado pelos optimates.	José Dejalma Dezotti
Quibus optimatibus, di boni?	Por quais optimates, bons deuses?	José Dejalma Dezotti
Qui nunc quo modo occurrunt, quo modo etiam se uenditant Caesari\!	Como eles acorrem agora, como até mesmo se vendem a César\!	José Dejalma Dezotti
Municipia uero deum, nec simulant, ut cum de illo aegroto uota faciebant.	Os municípios o tratam como um deus e não disfarçam, como quando faziam votos por aquele, quando estava doente.	José Dejalma Dezotti
**2** Sed plane quicquid mali hic Pisistratus non fecit tam gratum est quam si alium facere prohibuerit.	**2** Mas, sem dúvida alguma, todo mal que este Pisístrato não fez é tão digno de agradecimento como se tivesse impedido o outro de fazer.	José Dejalma Dezotti
Hunc propitium sperant, illum iratum putant.	a este esperam que seja propício, o outro julgam irado.	José Dejalma Dezotti
Quas fieri censes ἀπαντήσεις ex oppidis, quos honores?	Pensas que ovações, que honras lhe estão sendo feitas das cidades?	José Dejalma Dezotti
“Metuunt” inquies.	“Têm medo”, dirás.	José Dejalma Dezotti
Credo, sed mehercule illum magis;	Creio, mas, por hércules, mais do outro;	José Dejalma Dezotti
huius insidiosa clementia delectantur, illius iracundiam formidant.	deleitam-se com a insidiosa clemência deste, temem a ira daquele.	José Dejalma Dezotti
Iudices de CCCLX, qui praecipue Gnaeo nostro delectabantur, ex quibus cottidie aliquem uideo, nescio quas eius minas horrent.	Os juízes dos 360, que se deleitavam especialmente com o nosso querido Cneu, dos quais eu vejo algum diariamente, não sei com quais ameaças dele se horrorizam.	José Dejalma Dezotti
Itaque quaero qui sint isti optimates qui me exturbent cum ipsi domi maneant.	Por isso pergunto quem são esses optimates que me expulsam, quando eles próprios permanecem em casa.	José Dejalma Dezotti
Sed tamen, quicumque sunt, “αἰδέομαι Τρῶας”.	Contudo, sejam quem sejam, “*temo os troianos*”.	José Dejalma Dezotti
Etsi qua spe proficiscar uideo coniungoque me cum homine magis ad uastandam Italiam quam ad uincendum parato dominumque exspecto.	E no entanto, vejo com que esperança eu parto e me uno a um homem mais disposto a devastar a Itália do que vencê-la e o aguardo como meu amo.	José Dejalma Dezotti
Et quidem cum haec scribebam IIII Non. iam exspectabam aliquid a Brundisio.	E, na verdade, quando escrevo esta, no quarto dia antes das nonas \[dia 4 de março\], aguardo já alguma notícia de Brundísio.	José Dejalma Dezotti
Quid autem “aliquid”?	Mas por que “alguma”?	José Dejalma Dezotti
Quam inde turpiter fugisset, et uictor hic qua se referret et quo;	De que modo tão vergonhoso tinha fugido dali, e por onde e para onde este vencedor se moverá;	José Dejalma Dezotti
quod ubi audissem, si ille Appia ueniret, ego Arpinum cogitabam.	quando eu tiver ouvido isso, se ele vier pela via Ápia, eu penso ir a Arpino.	José Dejalma Dezotti
		José Dejalma Dezotti
