sentence_id	sentence	ref	sent_order	latintext	translation	translator
79051	dederam equidem L Saufeio litteras et dederam ad te unum quod cum non esset temporis mihi ad scribendum satis tamen hominem tibi tam familiarem sine meis litteris ad te venire nolebam	Cic.Att.7.1.1	5056	**1** Dederam equidem L. Saufeio litteras et dederam ad te unum, quod, cum non esset temporis mihi ad scribendum satis, tamen hominem tibi tam familiarem sine meis litteris ad te uenire nolebam;	**1** Dei a Lúcio Saufeio uma carta e a dei só para ti, porque, embora eu não tivesse tempo suficiente para escrever, não queria, contudo, que uma pessoa tão amiga tua fosse até ti sem uma carta minha;	José Dejalma Dezotti
225189	sed ut philosophi ambulant has tibi redditum iri putabam prius	Cic.Att.7.1.1	5058	sed, ut philosophi ambulant, has tibi redditum iri putabam prius.	mas, como os filósofos vagueiam, julgo que esta te será entregue antes.	José Dejalma Dezotti
				Sin iam illas accepisti, scis me Athenas uenisse prid. Id. Oct., e naui egressum in Piraeum tuas ab Acasto nostro litteras accepisse, conturbatum quod cum febre Romam uenisses bono tamen animo esse coepisse quod Acastus ea quae uellem de adleuato corpore tuo nuntiaret, cohorruisse autem in eo quod tuae litterae de legionibus Caesaris adferrent;	Se já recebeste aquela, sabes que cheguei em Atenas na véspera dos idos de outubro \[14 de outubro\], que, depois de sair do navio no Pireu, recebi do nosso querido Acasto a tua carta, alarmado porque tinhas chegado em Roma com febre, mas que passei a ficar tranquilo porque Acasto me informou o que eu desejava a respeito da melhora de teu corpo, que também tive calafrios em relação àquilo que tua carta trouxe acerca das legiões de César;	José Dejalma Dezotti
				et egisse tecum ut uideres ne quid φιλοτιμία eius quem nosti nobis noceret;	e que tratei contigo para que cuidasses que não me prejudicasse a *ambição* daquele tu sabes quem;	José Dejalma Dezotti
225190	et de quo iam pridem ad te scripseram Turranius autem secus tibi Brundisi dixerat quod ex iis litteris cognovi quas a Xenone optimo viro accepi cur fratrem provinciae non praefecissem exposui breviter	Cic.Att.7.1.2	5059	et, de quo iam pridem ad te scripseram, Turranius autem secus tibi Brundisi dixerat (quod ex iis litteris cognoui quas a Xenone, optimo uiro, accepi), cur fratrem prouinciae non praefecissem exposui breuiter.	e, sobre aquilo que eu tinha escrito a ti já faz tempo, mas Turrânio tinha te dito com outro sentido em Brudísio (o que eu soube pela carta que recebi de Xenão, um homem excelente), expliquei sucintamente por que não tinha posto meu irmão à frente da província.	José Dejalma Dezotti
79053	haec fere sunt in illa epistula	Cic.Att.7.1.2	5060	Haec fere sunt in illa epistula.	São mais ou menos essas coisas naquela carta.	José Dejalma Dezotti
79054	nunc audi reliqua	Cic.Att.7.1.2	5061	**2** Nunc audi reliqua:	**2** Agora ouve o resto:	José Dejalma Dezotti
79055	per fortunas	Cic.Att.7.1.2	5062	Per fortunas, 	Pelas fortunas, 	José Dejalma Dezotti
				omnem tuum amorem quo me es amplexus omnemque tuam prudentiam, quam mehercule ego in omni genere iudico singularem, confer iam ad eam curam, ut de omni statu meo cogites.	todo o teu afeto com que me abraçaste e toda a tua prudência, que, por hércules, eu considero excepcional em qualquer assunto, dedica agora a esta preocupação, que penses acerca de toda minha situação.	José Dejalma Dezotti
79057	videre enim mihi videor tantam dimicationem nisi idem deus qui nos melius quam optare auderemus Parthico bello liberavit respexerit rem publicam	Cic.Att.7.1.2	5063	Videre enim mihi uideor tantam dimicationem, nisi idem deus qui nos melius quam optare auderemus Parthico bello liberauit, respexerit rem publicam—	Pois pareço ver um tão grande combate, a não ser que o mesmo deus que nos livrou da guerra com os partos melhor do ousávamos desejar proteja a república \--	José Dejalma Dezotti
				sed tantam quanta numquam fuit.	mas um combate tão grande quanto nunca houve.	José Dejalma Dezotti
79059	age hoc malum mihi commune est cum omnibus	Cic.Att.7.1.2	5064	Age, hoc malum mihi commune est cum omnibus;	Ora vamos, esta desgraça me é comum com todos;	José Dejalma Dezotti
79060	nihil tibi mando ut de eo cogites	Cic.Att.7.1.2	5065	nihil tibi mando ut de eo cogites,	não te encarrego que penses nada em relação a isso,	José Dejalma Dezotti
225191	illud meum proprium πρόβλημα quaeso suscipe	Cic.Att.7.1.2	5066	illud meum proprium πρόβλημα, quaeso, suscipe.	ocupa-te, peço, do meu próprio *problema*.	José Dejalma Dezotti
79061	vides ne ut te auctore sim utrumque complexus	Cic.Att.7.1.2	5067	Videsne ut te auctore sim utrumque complexus \[Pompeium et Caesarem\]?	Não vês que, a teu conselho, eu abracei ambos \[Pompeu e César\]?	José Dejalma Dezotti
79062	ac vellem a principio te audisse amicissime monentem	Cic.Att.7.1.2	5068	Ac uellem a principio te audisse amicissime monentem,	E eu queria ter te ouvido desde o princípio me aconselhando na maior amizade,	José Dejalma Dezotti
79063	ἀλλ"	Cic.Att.7.1.2	5069	“ἀλλ' ἐμὸν οὔποτε θυμὸν ἐνὶ στήθεσσιν ἔπειθες”	“*nunca convenceste meu coração em meu peito*”,	José Dejalma Dezotti
225192	sed aliquando tamen persuasisti ut alterum complecterer quia de me erat optime meritus alterum quia tantum valebat	Cic.Att.7.1.2	5070	sed aliquando tamen persuasisti ut alterum complecterer quia de me erat optime meritus, alterum quia tantum ualebat.	mas por fim me persuadiste a abraçar um por me obsequiar otimamente, o outro por ter tão grande poder.	José Dejalma Dezotti
79064	feci igitur	Cic.Att.7.1.2	5071	Feci igitur,	Fiz, portanto,	José Dejalma Dezotti
225207	itaque effeci omni obsequio ut neutri illorum quisquam esset me carior	Cic.Att.7.1.2	5072	itaque effeci omni obsequio ut neutri illorum quisquam esset me carior.	e fiz com todo empenho de modo que para nenhum deles ninguém fosse mais estimado do que eu.	José Dejalma Dezotti
79065	haec enim cogitabamus nec mihi coniuncto cum Pompeio fore necesse peccare in re publica aliquando nec cum Caesare sentienti pugnandum esse cum Pompeio	Cic.Att.7.1.3	5073	**3** Haec enim cogitabamus, nec mihi coniuncto cum Pompeio fore necesse peccare in re publica aliquando nec cum Pompeio sentienti pugnandum esse cum Caesare;	**3** Pois eu pensava isto: unido com Pompeu não haveria necessidade de às vezes cometer erro na república e estando de acordo com Pompeu não teria de lutar com César;	José Dejalma Dezotti
79066	tanta erat illorum coniunctio	Cic.Att.7.1.3	5074	tanta erat illorum coniunctio.	tão grande era a união deles.	José Dejalma Dezotti
79067	nunc impendet ut et tu ostendis et ego video summa inter eos contentio	Cic.Att.7.1.3	5075	Nunc impendet, ut et tu ostendis et ego uideo, summa inter eos contentio.	Agora está iminente, como tu mostras e eu também vejo, uma grande tensão entre eles.	José Dejalma Dezotti
79068	me autem uterque numerat suum nisi forte simulat alter	Cic.Att.7.1.3	5076	Me autem uterque numerat suum, nisi forte simulat alter.	Ambos me contam como seu partidário, a não ser que, por acaso, um esteja fingindo.	José Dejalma Dezotti
79069	nam Pompeius non dubitat	Cic.Att.7.1.3	5077	Nam Pompeius non dubitat;	Certamente Pompeu não tem dúvida;	José Dejalma Dezotti
225193	vere enim iudicat ea quae de re publica nunc sentiat mihi valde probari	Cic.Att.7.1.3	5078	uere enim iudicat ea quae de re publica nunc sentiat mihi ualde probari.	pois julga com razão que o que ele agora sente a respeito da república é totalmente aprovado por mim.	José Dejalma Dezotti
79070	utriusque autem accepi eius modi litteras eodem tempore quo tuas ut neuter quemquam omnium pluris facere quam me videretur	Cic.Att.7.1.3	5079	Vtriusque autem accepi eius modi litteras eodem tempore quo tuas ut neuter quemquam omnium pluris facere quam me uideretur.	Recebi dos dois cartas ao mesmo tempo que a tua de tal modo que a ninguém nenhum deles parece estimar mais do que a mim.	José Dejalma Dezotti
79071	verum quid agam	Cic.Att.7.1.4	5080	**4** Verum quid agam?	**4** Mas o que é que eu vou fazer?	José Dejalma Dezotti
79072	non quaero illa ultima	Cic.Att.7.1.4	5081	Non quaero illa ultima	Não pergunto pela situação extrema	José Dejalma Dezotti
225195	si enim castris res geretur video cum altero vinci satius esse quam cum altero vincere	Cic.Att.7.1.4	5082	(si enim castris res geretur, uideo cum altero uinci satius esse quam cum altero uincere),	(pois se a coisa for levada nos acampamentos, vejo que é melhor ser vencido com um do que vencer com o outro),	José Dejalma Dezotti
225194	sed illa quae tum agentur cum venero ne ratio absentis habeatur ut exercitum dimittat	Cic.Att.7.1.4	5083	sed illa quae tum agentur cum uenero, ne ratio absentis habeatur, ut exercitum dimittat.	mas o que será tratado quando eu tiver chegado, que não se tenha em conta ao ausente para que licencie o seu exército.	José Dejalma Dezotti
79073	dic M Tulli	Cic.Att.7.1.4	5084	“Dic, M. Tulli.”	“Diz, Marco Túlio.”	José Dejalma Dezotti
79075	quid dicam	Cic.Att.7.1.4	5085	Quid dicam?	O que vou dizer?	José Dejalma Dezotti
79076	exspecta amabo te dum Atticum conveniam	Cic.Att.7.1.4	5086	“Exspecta, amabo te, dum Atticum conueniam”?	“Espera, por favor, até que eu me encontre com Ático”?	José Dejalma Dezotti
79077	non est locus ad tergiversandum	Cic.Att.7.1.4	5087	Non est locus ad tergiuersandum.	Não há lugar para tergiversar.	José Dejalma Dezotti
79078	contra Caesarem	Cic.Att.7.1.4	5088	Contra Caesarem?	Contra César?	José Dejalma Dezotti
79079	ubi illae sunt densae dexterae	Cic.Att.7.1.4	5089	“Vbi illae sunt densae dexterae?”;	“Onde estão aqueles apertos de mãos?”	José Dejalma Dezotti
				Nam ut illi hoc liceret adiuui, rogatus ab ipso Rauennae de Caelio tribuno pl.	Pois favoreci a que isto lhe fosse permitido, solicitado por ele próprio em Ravena a respeito do tribuno da plebe Célio.	José Dejalma Dezotti
79081	ab ipso autem	Cic.Att.7.1.4	5090	Ab ipso autem?	Por ele próprio?	José Dejalma Dezotti
79082	etiam a Gnaeo nostro in illo divino tertio consulatu	Cic.Att.7.1.4	5091	Etiam a Gnaeo nostro in illo diuino tertio consulatu.	E também pelo nosso querido Cneu naquele divino terceiro consulado.	José Dejalma Dezotti
79083	aliter sensero	Cic.Att.7.1.4	5092	Aliter sensero?	Vou pensar de outro modo?	José Dejalma Dezotti
				“αἰδέομαι” non Pompeium modo sed “Τρῶας καὶ Τρῳάδας”.	“*temo*” não só Pompeu, mas “*os troianos e as troianas*”.	José Dejalma Dezotti
				“Πουλυδάμας μοι πρῶτος ἐλεγχείην καταθήσει”;	“*Polidamante será o primeiro a cobrir-me de ultrajes*”;	José Dejalma Dezotti
225197	quis	Cic.Att.7.1.5	5094	Quis?	Quem?	José Dejalma Dezotti
79085	tu ipse scilicet laudator et factorum et scriptorum meorum	Cic.Att.7.1.5	5095	Tu ipse scilicet, laudator et factorum et scriptorum meorum.	Tu mesmo, sem dúvida, louvador tanto de meus feitos como de meus escritos,	José Dejalma Dezotti
79086	hanc ergo plagam effugi per duos superiores Marcellorum consulatus cum est actum de provincia Caesaris nunc incido in discrimen ipsum	Cic.Att.7.1.5	5096	**5** Hanc ergo plagam effugi per duos superiores Marcellorum consulatus cum est actum de prouincia Caesaris, nunc incido in discrimen ipsum.	**5** Portanto, eu evitei essa ferida durante os dois últimos consulados dos Marcelos, quando se tratou da província de César, agora caio no próprio dilema.	José Dejalma Dezotti
79087	itaque ut stultus primus suam sententiam dicat	Cic.Att.7.1.5	5097	Itaque ut stultus primus suam sententiam dicat,	E assim, que um idiota seja o primeiro a dizer sua opinião,	José Dejalma Dezotti
225198	mihi valde placet de triumpho nos moliri aliquid extra urbem esse cum iustissima causa	Cic.Att.7.1.5	5098	mihi ualde placet de triumpho nos moliri aliquid, extra urbem esse cum iustissima causa.	a mim me agrada muito projetar algo acerca de meu triunfo, estar fora de cidade com o mais justificado motivo.	José Dejalma Dezotti
79088	tamen dabunt operam ut eliciant sententiam meam	Cic.Att.7.1.5	5099	Tamen dabunt operam ut eliciant sententiam meam.	Contudo, trabalharão por arrancar minha opinião.	José Dejalma Dezotti
79089	ridebis hoc loco fortasse	Cic.Att.7.1.5	5100	Ridebis hoc loco fortasse:	Vais rir neste ponto talvez:	José Dejalma Dezotti
79090	quam vellem etiam nunc in provincia morari	Cic.Att.7.1.5	5101	quam uellem etiam nunc in prouincia morari\!	quanto eu queria permanecer ainda agora na província\!	José Dejalma Dezotti
79091	plane opus fuit si hoc impendebat	Cic.Att.7.1.5	5102	Plane opus fuit, si hoc impendebat.	Realmente era preciso, se isso ameaçava.	José Dejalma Dezotti
79092	etsi nil miserius	Cic.Att.7.1.5	5103	Etsi nil miserius;	Embora nada fosse mais lamentável;	José Dejalma Dezotti
			5104	nam ὁδοῦ πάρεργον uolo te hoc scire:	Pois *de passagem* quero que tu saibas isto:	José Dejalma Dezotti
			5105	omnia illa prima quae etiam tu tuis litteris in caelum ferebas ἐπίτηκτα fuerunt.	todas aquelas coisas que tu punhas até mesmo no céu em tuas cartas foram *minudências*.	José Dejalma Dezotti
79095	quam non est facilis virtus	Cic.Att.7.1.6	5106	**6** Quam non est facilis uirtus\!	**6** Como não é fácil a virtude\!	José Dejalma Dezotti
79096	quam vero difficilis eius diuturna simulatio	Cic.Att.7.1.6	5107	Quam uero difficilis eius diuturna simulatio\!	Quão realmente difícil o seu fingimento por muito tempo\!	José Dejalma Dezotti
79097	cum enim hoc rectum et gloriosum putarem ex annuo sumptu qui mihi decretus esset me C Coelio quaestori relinquere annuum referre in aerarium ad HS †cIↃ† ingemuit nostra cohors omne illud putans distribui sibi oportere ut ego amicior invenirer Phrygum et Cilicum aerariis quam nostro	Cic.Att.7.1.6	5108	Cum enim hoc rectum et gloriosum putarem, ex annuo sumptu qui mihi decretus esset me C. Coelio quaestori relinquere annuum, referre in aerarium ad HS M, ingemuit nostra cohors, omne illud putans distribui sibi oportere, ut ego amicior inuenirer Phrygum et Cilicum aerariis quam nostro.	Pois como eu julgasse correto e glorioso deixar do orçamento anual que me havia sido decretado ao meu questor Caio Célio para um ano, devolver ao erário por volta de um milhão de sestércios, nossa coorte deplorou, achando que convinha que tudo aquilo fosse distribuído entre eles, na idéia de que eu me mostrava mais amigo dos erários dos frígios e cilícios do que do nosso.	José Dejalma Dezotti
79098	sed me non moverunt	Cic.Att.7.1.6	5109	Sed me non mouerunt;	Mas não me comoveram;	José Dejalma Dezotti
225210	nam et mea laus apud me plurimum valuit	Cic.Att.7.1.6	5110	nam et mea laus apud me plurimum ualuit 	pois minha reputação valeu mais que tudo para mim	José Dejalma Dezotti
225200	nec tamen quicquam honorifice in quemquam fieri potuit quod praetermiserim	Cic.Att.7.1.6	5111	nec tamen quicquam honorifice in quemquam fieri potuit quod praetermiserim.	e, ademais, não há nada que pôde ser feito em honra para alguém que eu não tenha deixado passa.	José Dejalma Dezotti
79099	sed haec fuerit ut ait Thucydides ἐκβολὴ non inutilis	Cic.Att.7.1.6	5114	Sed haec fuerit, ut ait Thucydides, ἐκβολὴ λόγου non inutilis.	Mas isso foi, como diz Tucídides, uma *digressão* não inútil.	José Dejalma Dezotti
79100	tu autem de nostro statu cogitabis primum quo artificio tueamur benevolentiam Caesaris deinde de ipso triumpho quem video nisi rei publicae tempora impedient εὐπόριστον	Cic.Att.7.1.7	5115	**7** Tu autem de nostro statu cogitabis: primum quo artificio tueamur beneuolentiam Caesaris, deinde de ipso triumpho, quem uideo, nisi rei publicae tempora impedient, εὐπόριστον.	**7** Tu, porém, pensarás a respeito de minha situação. primeiramente com que meio eu posso conservar a boa disposição de César, depois a respeito do próprio triunfo, que eu vejo, se as circunstâncias da república não impedirem, *em excelente situação*.	José Dejalma Dezotti
				Iudico autem cum ex litteris amicorum tum ex supplicatione;	Julgo assim tanto pelas cartas dos amigos, como pela ação de graças pública;	José Dejalma Dezotti
				quam qui non decreuit, plus decreuit quam si omnis decresset triumphos.	quem não a aprovou, aprovou mais do que se tivesse aprovado todos os triunfos.	José Dejalma Dezotti
				Ei porro adsensus est unus familiaris meus, Fauonius, alter iratus, Hirrus.	Estiveram de acordo com ele um amigo meu, Favônio e um irritado comigo, Hirro.	José Dejalma Dezotti
79104	Cato autem et scribendo adfuit et ad me de sententia sua iucundissimas litteras misit	Cic.Att.7.1.7	5116	Cato autem et scribendo adfuit et ad me de sententia sua iucundissimas litteras misit.	Catão, por sua vez, participou escrevendo e enviou a mim uma carta muito prazerosa acerca de sua sentença.	José Dejalma Dezotti
				Sed tamen gratulans mihi Caesar de supplicatione triumphat de sententia Catonis, nec scribit quid ille sententiae dixerit sed tantum supplicationem eum mihi non decreuisse.	No entanto César, me felicitando a respeito da ação de graças, triunfa acerca da sentença de Catão, e não escreve que sentença aquele disse, mas somente que ele não aprovou a ação de graças para mim.	José Dejalma Dezotti
79106	redeo ad Hirrum	Cic.Att.7.1.8	5117	**8** Redeo ad Hirrum.	**8** Volto a Hirro.	José Dejalma Dezotti
79107	coeperas eum mihi placare	Cic.Att.7.1.8	5118	Coeperas eum mihi placare:	Tinhas começado a reconciliá-lo comigo:	José Dejalma Dezotti
225201	perfice	Cic.Att.7.1.8	5119	perfice.	termina.	José Dejalma Dezotti
79108	habes Scrofam habes Silium	Cic.Att.7.1.8	5120	Habes Scrofam, habes Silium.	Tens Escrofa, tens Sílio.	José Dejalma Dezotti
79109	ad eos ego et iam antea scripsi ad ipsum Hirrum	Cic.Att.7.1.8	5121	Ad eos ego etiam antea scripsi et iam ad ipsum Hirrum.	Eu mesmo antes escrevi a esses e agora ao próprio Hirro.	José Dejalma Dezotti
79110	locutus enim erat cum iis commode se potuisse impedire sed noluisse	Cic.Att.7.1.8	5122	Locutus enim erat cum iis commode se potuisse impedire sed noluisse;	Pois ele tinha falado com eles que podia facilmente tê-lo impedido, mas não quis;	José Dejalma Dezotti
225208	adsensum tamen esse Catoni amicissimo meo cum is honorificentissimam in me sententiam dixisset	Cic.Att.7.1.8	5123	adsensum tantum esse Catoni, amicissimo meo, cum is honorificentissimam in me sententiam dixisset;	que tinha apenas estado de acordo com Catão, amicíssimo meu, quando este tinha dito uma sentença muitíssima honrosa para mim;	José Dejalma Dezotti
225209	ne c me ad se ullas litteras misisse cum ad omnis mitterem	Cic.Att.7.1.8	5124	nec me ad se ullas litteras misisse, cum ad omnis mitterem.	que eu não tinha enviado nenhuma carta a ele, quando eu enviava a todos.	José Dejalma Dezotti
79111	verum dicebat	Cic.Att.7.1.8	5125	Verum dicebat;	Dizia a verdade;	José Dejalma Dezotti
79112	ad eum enim solum et ad Crassipedem non scripseram	Cic.Att.7.1.8	5126	ad eum enim solum et ad Crassipedem non scripseram.	pois somente a ele e a Crassípede eu não tinha escrito.	José Dejalma Dezotti
79113	atque haec de rebus forensibus	Cic.Att.7.1.9	5127	**9** Atque haec de rebus forensibus:	**9** Isso a respeito de assuntos forenses;	José Dejalma Dezotti
225202	redeamus domum	Cic.Att.7.1.9	5128	redeamus domum.	voltemos para casa.	José Dejalma Dezotti
79114	diiungere me ab illo volo	Cic.Att.7.1.9	5129	Diiungere me ab illo uolo;	Quero me afastar dele;	José Dejalma Dezotti
79115	merus est φυρατής germanus Lartidius	Cic.Att.7.1.9	5130	merus est φυρατής, germanus Lartidius.	é um mero trapaceiro, um legítimo imitador de Ulisses.	José Dejalma Dezotti
				“ἀλλὰ τὰ μὲν προτετύχθαι ἐάσομεν ἀχνύμενοί περ.”		José Dejalma Dezotti
				Reliqua expediamus;	Resolvamos o restante;	José Dejalma Dezotti
				hoc primum, quae accessit cura dolori meo—sed tamen hoc, quicquid est, Precianum cum iis rationibus quas ille meas tractat admisceri nolo.	primeiramente isto que acrescentou preocupação à minha dor \-- mas o de Précio, seja o que for, não quero que se misture com as minhas contas que aquele maneja.	José Dejalma Dezotti
79119	scripsi ad Terentiam scripsi etiam ad ipsum me quicquid possem nummorum ad apparatum sperati triumphi ad te redacturum	Cic.Att.7.1.9	5131	Scripsi ad Terentiam, scripsi etiam ad ipsum, me quicquid posset nummorum ad apparatum sperati triumphi ad te redacturum.	Escrevi para Terência, escrevi até mesmo para ele próprio, que eu entregaria a ti tudo que fosse possível do dinheiro para o aparato do triunfo esperado.	José Dejalma Dezotti
				Ita puto ἄμεμπτα fore;	Assim penso que será *sem reproche*;	José Dejalma Dezotti
				uerum ut libebit.	mas como for do agrado.	José Dejalma Dezotti
				Hanc quoque suscipe curam, quem ad modum expediamur;	Encarrega-te também deste cuidado, de como resolvemos;	José Dejalma Dezotti
				id tu et ostendisti quibusdam litteris ex Epiro an Athenis datis et in eo ego te adiuuabo.	tu mostraste isso numa certa carta enviada de Epiro ou de Atenas e nisso eu te ajudarei.	José Dejalma Dezotti
79123	Brundisium venimus vii Kalend. Decembr usi tua felicitate navigandi	Cic.Att.7.2.1	5132	**1** Brundisium uenimus VII Kal. Dec. usi tua felicitate nauigandi;	**1** Chegamos a Brundísio no sétimo dia antes das calendas de dezembro \[25 de novembro\], tendo desfrutado da tua felicidade de navegar;	José Dejalma Dezotti
224705	ita belle nobis flavit ab Epiro lenissimus Onchesmites	Cic.Att.7.2.1	5133	ita belle nobis “flauit ab Epiro lenissimus Onchesmites”	tão lindamente nos “soprou de Epiro um suavíssimo Onquesmita”	José Dejalma Dezotti
				(hunc σπονδειάζοντα si cui uoles τῶν νεωτέρων pro tuo uendito).	(este *espondaico*, vende-o como teu, se quiseres, a qualquer *dos neotéricos*).	José Dejalma Dezotti
				**2** Valetudo tua me ualde conturbat;	**2** Tua saúde está me preocupando muito;	José Dejalma Dezotti
				significant enim tuae litterae te prorsus laborare.	pois tua carta indica que estás realmente sofrendo.	José Dejalma Dezotti
79128	ego autem cum sciam quam sis fortis vehementius esse quiddam suspicor quod te cogat cedere et prope modum infringat	Cic.Att.7.2.2	5134	Ego autem, cum sciam quam sis fortis, uehementius esse quiddam suspicor quod te cogat cedere et prope modum infringat.	Eu porém, como sei quão forte és, suspeito que há algo mais sério que te obriga a ceder e quase te arrebenta.	José Dejalma Dezotti
				Etsi alteram quartanam Pamphilus tuus mihi dixit decessisse et alteram leuiorem accedere.	Embora teu Pânfilo tenha me dito que uma quartã foi embora e chega outra mais leve.	José Dejalma Dezotti
				Terentia uero, quae quidem eodem tempore ad portam Brundisinam uenit quo ego in portum mihique obuia in foro fuit, L. Pontium sibi in Trebulano dixisse narrabat etiam eam decessisse;	Terência, porém, que na verdade chegou à porta de Brundísio ao mesmo tempo em que eu cheguei no porto e foi ao meu encontro no foro, conta que Lúcio Pôntio lhe disse em Trebulano que também essa foi embora;	José Dejalma Dezotti
				quod si ita est, quod maxime mehercule opto, gaudeo, idque spero tua prudentia et temperantia te consecutum.	e se isso é assim, o que, por hércules eu mais desejo, fico contente, e espero que tenha conseguido isso com tua prudência e moderação.	José Dejalma Dezotti
				**3** Venio ad epistulas tuas;	**3** Venho agora às tuas cartas;	José Dejalma Dezotti
				quas ego sescentas uno tempore accepi, aliam alia iucundiorem, quae quidem erant tua manu;	eu recebi seiscentas de uma vez só, uma mais prazerosa que a outra, que eram de tua própria mão;	José Dejalma Dezotti
				nam Alexidis manum amabam quod tam prope accedebat ad similitudinem tuae, non amabam quod indicabat te non ualere.	com efeito, gosto muito da letra de Alexis, porque se aproxima muito em semelhança da tua, não gosto porque ela mostra que não estás bem de saúde.	José Dejalma Dezotti
				Cuius quoniam mentio facta est, Tironem Patris aegrum reliqui, adulescentem doctum et diligentem, ut nosti, et adde, si quid uis, probum;	Já que se fez menção a ele, deixei Tirão doente em Patras, jovem instruído e diligente, como sabes, e acrescenta, se queres, honrado;	José Dejalma Dezotti
				nihil uidi melius.	não vi nada melhor.	José Dejalma Dezotti
				Itaque careo aegre et, quamquam uidebatur se non grauiter habere, tamen sum sollicitus maximamque spem habeo in M'. Curi diligentia, de qua ad me scripsit Tiro et multi nuntiarunt.	E assim lamentavelmente estou sem ele e, embora pareça não encontrar-se gravemente, mesmo assim estou preocupado e tenho a maior esperança no zelo de Mânio Cúrio, a respeito do qual Tirão me escreveu e muitos me informaram.	José Dejalma Dezotti
				Curius autem ipse sensit quam tu uelles se a me diligi, et eo sum admodum delectatus.	O próprio Cúrio, por sua vez, notou o quanto tu queres que ele seja estimado por mim, e eu estou muitíssimo satisfeito com ele.	José Dejalma Dezotti
				Et mehercule est quem facile diligas;	E, por hércules, é alguém a quem estimas facilmente;	José Dejalma Dezotti
				αὐτόχθων in homine urbanitas est.	há no homem uma educação *genuína*.	José Dejalma Dezotti
				Eius testamentum deporto trium Ciceronum signis obsignatum cohortisque praetoriae;	Levo o seu testamento assinalado com os selos dos três Cíceros e da coorte pretoriana;	José Dejalma Dezotti
				fecit palam te ex libella, me ex terruncio.	Perante testemunhas a ti ele legou um décimo, a mim um quadragésimo.	José Dejalma Dezotti
				In Actio Corcyrae Alexio me opipare muneratus est.	Em Áccio, em Cocira, Alexião me presenteou lautamente.	José Dejalma Dezotti
				Q. Ciceroni obsisti non potuit quo minus Thyamim uideret.	Não se pôde impedir que Quinto Cícero visse o Rio Tiâmide.	José Dejalma Dezotti
				**4** Filiola tua te delectari laetor et probari tibi φυσικὴν esse τὴν στοργὴν τὴν πρὸς τὰ τέκνα.	**4** Me alegro que te deleites com tua filhinha e que seja aprovado por ti que é *natural o afeto para com os filhos*.	José Dejalma Dezotti
				Etenim si hoc non est, nulla potest homini esse ad hominem naturae adiunctio;	Com efeito, se não é assim, não pode haver nenhum laço natural de um homem para com outro homem;	José Dejalma Dezotti
				qua sublata uitae societas tollitur.	e suprimido este, suprime-se a vida social.	José Dejalma Dezotti
				“Bene eueniat\!” inquit Carneades, spurce, sed tamen prudentius quam Lucius noster et Patron, qui, cum omnia ad se referant nec quicquam alterius causa fieri putent et cum ea re bonum uirum esse oportere dicant ne malum habeat, non quod id natura rectum sit, non intellegunt se de callido homine loqui, non de bono uiro.	“Que ocorra bem\!” diz Carnéades, porcamente, mas mesmo assim com mais sabedoria do que o nosso Lúcio e Patrão, os quais, quando referem tudo a si mesmos e julgam que nada se faz por causa de outrem e quando dizem que convém ser o homem bom para não ter mal, não porque isso é o correto por natureza, não entendem que falam de um homem astuto, não de um homem bom.	José Dejalma Dezotti
				Sed haec, opinor, sunt in iis libris quos tu laudando animos mihi addidisti.	Mas essas coisas, acho eu, estão nos livros com que tu me encorajaste, louvando-os.	José Dejalma Dezotti
				**5** Redeo ad rem.	**5** Volto ao assunto.	José Dejalma Dezotti
				Quo modo exspectabam epistulam quam Philoxeno dedisses\!	Como eu esperava a carta que tinhas entregado a Filoxeno\!	José Dejalma Dezotti
				Scripseras enim in ea esse de sermone Pompei Neapolitano.	Pois tinhas escrito que havia nela informação sobre a conversa de Pompeu em Nápolis.	José Dejalma Dezotti
				Eam mihi Patron Brundisi reddidit;	Patrão a entregou para mim em Brundísio;	José Dejalma Dezotti
				Corcyrae, ut opinor, acceperat.	Conforme acho, ele a tinha recebido em Corcira.	José Dejalma Dezotti
				Nihil potuit esse iucundius;	Nada pôde ser mais prazeroso;	José Dejalma Dezotti
79153	erat enim de re publica de opinione quam is vir haberet integritatis meae de benevolentia quam ostendit eo sermone quem habuit de triumpho	Cic.Att.7.2.5	5135	erat enim de re publica, de opinione quam is uir haberet integritatis meae, de beneuolentia quam ostendit eo sermone quem habuit de triumpho.	pois era sobre a república, sobre a opinião que esse homem tinha sobre minha integridade, sobre a boa vontade que mostrou na conversa que teve sobre o meu triunfo.	José Dejalma Dezotti
				Sed tamen hoc iucundissimum, quod intellexi te ad eum uenisse ut eius animum erga me perspiceres;	Mas, no entanto, o mais prazeroso é que entendi que tu foste até ele para observar bem sua disposição para comigo;	José Dejalma Dezotti
				hoc mihi, inquam, accidit iucundissimum.	isso, eu repito, me resultou muito prazeroso.	José Dejalma Dezotti
				**6** De triumpho autem nulla me cupiditas umquam tenuit ante Bibuli impudentissimas litteras quas amplissima supplicatio consecuta est.	**6** A respeito do meu triunfo, porém, nunca nenhuma ambição me dominou antes da desavergonhadíssima carta de Bíbulo a que se seguiu uma amplíssima ação de graças.	José Dejalma Dezotti
				A quo si ea gesta essent quae scripsit, gauderem et honori fauerem;		José Dejalma Dezotti
				nunc illum, qui pedem porta quoad hostis cis Euphratem fuit non extulerit, honore augeri, me, in cuius exercitu spem illius exercitus habuit, idem non adsequi dedecus est nostrum \- nostrum, inquam, te coniungens.		José Dejalma Dezotti
				Itaque omnia experiar et, ut spero, adsequar.		José Dejalma Dezotti
				Quod si tu ualeres, iam mihi quaedam explorata essent;		José Dejalma Dezotti
				sed, ut spero, ualebis.		José Dejalma Dezotti
				**7** De raudusculo Numeriano multum te amo.		José Dejalma Dezotti
				Hortensius quid egerit aueo scire, Cato quid agat;		José Dejalma Dezotti
				qui quidem in me turpiter fuit maleuolus.		José Dejalma Dezotti
				Dedit integritatis, iustitiae, clementiae, fidei mihi testimonium, quod non quaerebam;		José Dejalma Dezotti
				quod postulabam negauit.		José Dejalma Dezotti
				\[Id\] itaque Caesar iis litteris quibus mihi gratulatur et omnia pollicetur quo modo exsultat Catonis in me ingratissimi iniuria\!		José Dejalma Dezotti
79164	at hic idem Bibulo dierum XX	Cic.Att.7.2.7	5136	At hic idem Bibulo dierum XX.		José Dejalma Dezotti
				Ignosce mihi: non possum haec ferre nec feram.		José Dejalma Dezotti
				**8** Cupio ad omnis tuas epistulas, sed nihil necesse est;		José Dejalma Dezotti
				iam enim te uidebo.		José Dejalma Dezotti
				Illud tamen de Chrysippo (nam de altero illo minus sum admiratus, operario homine;		José Dejalma Dezotti
				sed tamen ne illo quidem quicquam improbius) \- Chrysippum uero, quem ego propter		José Dejalma Dezotti
				litterularum nescio quid libenter uidi, in honore habui, discedere a puero insciente me\!		José Dejalma Dezotti
				Mitto alia quae audio multa, mitto furta;		José Dejalma Dezotti
				fugam non fero, qua mihi nihil uisum est sceleratius.		José Dejalma Dezotti
				Itaque usurpaui uetus illud Drusi, ut ferunt, praetoris in eo qui eadem liber non iuraret, me istos liberos non addixisse, praesertim cum adesset nemo a quo recte uindicarentur.		José Dejalma Dezotti
				Id tu, ut uidebitur, ita accipies;		José Dejalma Dezotti
				ego tibi adsentiar.		José Dejalma Dezotti
				Vni tuae disertissimae epistulae non rescripsi, in qua est de periculis rei publicae.		José Dejalma Dezotti
				Quid rescriberem?		José Dejalma Dezotti
				Valde eram perturbatus.		José Dejalma Dezotti
				Sed ut nihil magno opere metuam Parthi faciunt, qui repente Bibulum semiuiuum reliquerunt.		José Dejalma Dezotti
						José Dejalma Dezotti
				**3**		José Dejalma Dezotti
				Cicero Attico sal.		José Dejalma Dezotti
				**1** A. d. VIII Id. Dec. Aeculanum ueni et ibi tuas litteras legi quas Philotimus mihi reddidit;		José Dejalma Dezotti
				e quibus hanc primo aspectu uoluptatem cepi, quod erant a te ipso scriptae, deinde earum accuratissima diligentia sum mirum in modum delectatus.		José Dejalma Dezotti
				Ac primum illud in quo te Dicaearcho adsentiri negas:		José Dejalma Dezotti
				etsi cupidissime expetitum a me est et te adprobante ne diutius anno in prouincia essem, tamen non est nostra contentione perfectum.		José Dejalma Dezotti
				Sic enim scito, uerbum in senatu factum esse numquam de ullo nostrum qui prouincias obtinuimus quo in iis diutius quam ex senatus consulto maneremus, ut iam ne istius quidem rei culpam sustineam, quod minus diu fuerim in prouincia quam fortasse fuerit utile.		José Dejalma Dezotti
				**2** Sed “quid si hoc melius?” saepe opportune dici uidetur, ut in hoc ipso.		José Dejalma Dezotti
				Siue enim ad concordiam res adduci potest siue ad bonorum uictoriam, utriusuis rei me aut adiutorem uelim esse aut certe non expertem;		José Dejalma Dezotti
				sin uincuntur boni, ubicumque essem, una cum iis uictus essem.		José Dejalma Dezotti
				Qua re celeritas nostri reditus ἀμεταμέλητος debet esse.		José Dejalma Dezotti
				Quod si ista nobis cogitatio de triumpho iniecta non esset, quam tu quoque adprobas, ne tu haud multum requireres illum uirum qui in sexto libro informatus est.		José Dejalma Dezotti
				Quid enim tibi faciam, qui illos libros deuorasti?		José Dejalma Dezotti
				Quin nunc ipsum non dubitabo rem tantam abicere, si id erit rectius.		José Dejalma Dezotti
				Vtrumque uero simul agi non potest, et de triumpho ambitiose et de re publica libere.		José Dejalma Dezotti
				Sed ne dubitaris quin, quod honestius, id mihi futurum sit antiquius.		José Dejalma Dezotti
				**3** Nam quod putas utilius esse, uel mihi quod tutius sit uel etiam ut rei publicae prodesse possim, me esse cum imperio, id coram considerabimus quale sit;		José Dejalma Dezotti
				habet enim res deliberationem, etsi ex parte magna tibi adsentior.		José Dejalma Dezotti
				De animo autem meo erga rem publicam bene facis quod non dubitas, et illud probe iudicas, nequaquam satis pro meis officiis, pro ipsius in alios effusione illum in me liberalem fuisse, eiusque rei causam uere explicas;		José Dejalma Dezotti
				†et eis† quae de Fabio Caninioque acta scribis ualde consentiunt.		José Dejalma Dezotti
				Quae si secus essent totumque se ille in me profudisset, tamen illa quam scribis custos urbis me praeclarae inscriptionis memorem esse cogeret nec mihi concederet ut imitarer Vulcatium aut Seruium, quibus tu es contentus, sed aliquid nos uellet nobis dignum et sentire et defendere;		José Dejalma Dezotti
				quod quidem agerem, si liceret, alio modo ac nunc agendum est.		José Dejalma Dezotti
				**4** De sua potentia dimicant homines hoc tempore periculo ciuitatis.		José Dejalma Dezotti
				Nam si res publica defenditur, cur ea consule isto ipso defensa non est?		José Dejalma Dezotti
				Cur ego, in cuius causa rei publicae salus consistebat, defensus postero anno non sum?		José Dejalma Dezotti
				Cur imperium illi aut cur illo modo prorogatum est?		José Dejalma Dezotti
				Cur tanto opere pugnatum ut de eius absentis ratione habenda decem tribuni pl. ferrent?		José Dejalma Dezotti
				His ille rebus ita conualuit ut nunc in uno ciui spes ad resistendum sit;		José Dejalma Dezotti
				qui mallem tantas ei uiris non dedisset quam nunc tam ualenti resisteret.		José Dejalma Dezotti
				**5** Sed quoniam res eo deducta est, non quaeram, ut scribis, “ποῦ σκάφος τὸ τῶν ᾿Ατρειδῶν;”:		José Dejalma Dezotti
				mihi σκάφος unum erit quod a Pompeio gubernabitur.		José Dejalma Dezotti
				Illud ipsum quod ais, “Quid fiet cum erit dictum ‘dic, M. Tulli?’”:		José Dejalma Dezotti
				σύντομα, “Cn. Pompeio adsentior”.		José Dejalma Dezotti
				Ipsum tamen Pompeium separatim ad concordiam hortabor;		José Dejalma Dezotti
				sic enim sentio, maximo in periculo rem esse.		José Dejalma Dezotti
				Vos scilicet plura, qui in urbe estis;		José Dejalma Dezotti
				uerum tamen haec uideo, cum homine audacissimo paratissimoque negotium esse, omnis damnatos, omnis ignominia adfectos, omnis damnatione ignominiaque dignos illac facere, omnem fere iuuentutem, omnem illam urbanam ac perditam plebem, tribunos ualentis addito Q. Cassio, omnis qui aere alieno premantur, quos pluris esse intellego quam putaram (causam solum illa causa non habet, ceteris rebus abundat);		José Dejalma Dezotti
225236	hic omnia facere omnis ne armis decernatur quorum exitus semper incerti nunc vero etiam in alteram partem magis timendi	Cic.Att.7.3.5	5137	hic omnia facere omnis ne armis decernatur, quorum exitus semper incerti, nunc uero etiam in alteram partem magis timendi.		José Dejalma Dezotti
				Bibulus de prouincia decessit, Veientonem praefecit;		José Dejalma Dezotti
				in decedendo erit, ut audio, tardior.		José Dejalma Dezotti
				Quem cum ornauit Cato declarauit iis se solis \[non\] inuidere quibus nihil aut non multum ad dignitatem posset accedere.		José Dejalma Dezotti
				**6** Nunc uenio ad priuata;		José Dejalma Dezotti
				fere enim respondi tuis litteris de re publica et iis quas in suburbano et iis quas postea scripsisti.		José Dejalma Dezotti
				Ad priuata uenio.		José Dejalma Dezotti
				Vnum etiam, de Caelio:		José Dejalma Dezotti
				tantum abest ut meam ille sententiam moueat ut ualde ego ipsi quod de sua sententia decesserit paenitendum putem.		José Dejalma Dezotti
				Sed quid est quod ei uici Luccei sint addicti?		José Dejalma Dezotti
				Hoc te praetermisisse miror.		José Dejalma Dezotti
				**7** De Philotimo, faciam equidem ut mones.		José Dejalma Dezotti
				Sed ego †mihi† ab illo hoc tempore non rationes exspectabam quas tibi edidit, uerum id reliquum quod ipse in Tusculano me referre in commentarium mea manu uoluit quodque idem in Asia mihi sua manu scriptum dedit.		José Dejalma Dezotti
				Id si praestaret, quantum mihi aeris alieni esse tibi edidit, tantum et plus etiam mihi ipse deberet.		José Dejalma Dezotti
				Sed in hoc genere, si modo per rem publicam licebit, non accusabimur posthac;		José Dejalma Dezotti
				neque hercule antea neglegentes fuimus sed et amicorum et publicorum negotiorum multitudine occupati.		José Dejalma Dezotti
				Ergo utemur, ut polliceris, et opera et consilio tuo, nec tibi erimus, ut spero, in eo molesti.		José Dejalma Dezotti
				**8** De serpirastris cohortis meae, nihil est quod doleas;		José Dejalma Dezotti
				ipsi enim se collegerunt admiratione \[in te\] integritatis meae.		José Dejalma Dezotti
				Sed me mouerat nemo magis quam is quem tu minime putas.		José Dejalma Dezotti
				Idem et initio fuerat et nunc est egregius;		José Dejalma Dezotti
				sed in ipsa decessione significauit sperasse se aliquid et id quod animum induxerat paulisper non tenuit, sed cito ad se rediit meisque honorificentissimis erga se officiis uictus pluris ea duxit quam omnem pecuniam.		José Dejalma Dezotti
				**9** Ego a Curio tabulas accepi, quas mecum porto.		José Dejalma Dezotti
				Hortensi legata cognoui;		José Dejalma Dezotti
				nunc aueo scire quid †hominis† sit et quarum rerum auctionem instituat;		José Dejalma Dezotti
				nescio enim cur, cum portam Flumentanam Caelius occuparit, ego Puteolos non meos faciam.		José Dejalma Dezotti
				**10** Venio ad “Piraeea”, in quo magis reprehendendus sum quod homo Romanus “Piraeea” scripserim, non “Piraeum” (sic enim omnes nostri locuti sunt), quam quod addiderim “in”;		José Dejalma Dezotti
				non enim hoc ut oppido praeposui sed ut loco;		José Dejalma Dezotti
				et tamen Dionysius noster et qui est nobiscum Nicias Cous non rebatur oppidum esse Piraeea.		José Dejalma Dezotti
				Sed de re uidero.		José Dejalma Dezotti
				Nostrum quidem si est peccatum, in eo est quod non ut de oppido locutus sum sed ut de loco, secutusque sum non dico Caecilium, “Mane ut ex portu in Piraeum” (malus enim auctor Latinitatis est), sed Terentium (cuius fabellae propter elegantiam sermonis putabantur a C. Laelio scribi), “Heri aliquot adulescentuli coiimus in Piraeum”;		José Dejalma Dezotti
				Et idem, “Mercator hoc addebat, captam e Sunio”;		José Dejalma Dezotti
				quod si δήμους oppida uolumus esse, tam est oppidum Sunium quam Piraeus.		José Dejalma Dezotti
				Sed quoniam grammaticus es, si hoc mihi ζήτημα persolueris, magna me molestia liberaris.		José Dejalma Dezotti
				**11** Ille mihi litteras blandas mittit;		José Dejalma Dezotti
				facit idem pro eo Balbus.		José Dejalma Dezotti
				Mihi certum est ab honestissima sententia digitum nusquam;		José Dejalma Dezotti
				sed scis illi reliquum quantum sit.		José Dejalma Dezotti
				Putasne igitur uerendum esse ne aut obiciat id nobis aliquis, si languidius, aut repetat, si fortius?		José Dejalma Dezotti
				Quid ad haec reperis?		José Dejalma Dezotti
				“Soluamus” inquis.		José Dejalma Dezotti
				Age, a Caelio mutuabimur.		José Dejalma Dezotti
				Hoc tu tamen consideres uelim.		José Dejalma Dezotti
				Puto enim, in senatu si quando praeclare pro re publica dixero, Tartessium istum tuum mihi exeunti, “Iube sodes nummos curare”.		José Dejalma Dezotti
				**12** Quid superest? Etiam:		José Dejalma Dezotti
				gener est suauis mihi, Tulliae, Terentiae;		José Dejalma Dezotti
				quantumuis uel ingeni uel humanitatis †satis†;		José Dejalma Dezotti
				reliqua, quae nosti, ferenda.		José Dejalma Dezotti
				scis enim quos †aperierimus†;		José Dejalma Dezotti
				qui omnes, praeter eum de quo per te egimus, reum me facerent.		José Dejalma Dezotti
				Ipsis enim expensum nemo ferret.		José Dejalma Dezotti
				Sed haec coram;		José Dejalma Dezotti
				nam multi sermonis sunt.		José Dejalma Dezotti
				Tironis reficiendi spes est in M'. Curio, cui ego scripsi tibi eum gratissimum facturum.		José Dejalma Dezotti
				Data V Id. Dec. a Pontio ex Trebulano.		José Dejalma Dezotti
						José Dejalma Dezotti
				**4**		José Dejalma Dezotti
				Cicero Attico sal.		José Dejalma Dezotti
				**1** Dionysium flagrantem desiderio tui misi ad te, nec mehercule aequo animo, sed fuit concedendum.		José Dejalma Dezotti
				Quem quidem cognoui cum doctum, quod mihi iam ante erat notum, tum sanctum, plenum offici, studiosum etiam meae laudis, frugi hominem, ac, ne libertinum laudare uidear, plane uirum bonum.		José Dejalma Dezotti
				**2** Pompeium uidi IIII Id. Dec.;		José Dejalma Dezotti
				fuimus una horas duas fortasse.		José Dejalma Dezotti
				Magna laetitia mihi uisus est adfici meo aduentu;		José Dejalma Dezotti
				de triumpho hortari, suscipere partis suas, monere ne ante in senatum accederem quam rem confecissem, ne dicendis sententiis aliquem tribunum alienarem.		José Dejalma Dezotti
				Quid quaeris? In hoc officio sermone eius nihil potuit esse prolixius.		José Dejalma Dezotti
				De re publica autem ita mecum locutus est quasi non dubium bellum haberemus:		José Dejalma Dezotti
				nihil ad spem concordiae;		José Dejalma Dezotti
79265	plane illum a se alienatum cum ante intellegeret tum vero proxime iudicasse	Cic.Att.7.4.2	5138	plane illum a se alienatum cum ante intellegeret, tum uero proxime iudicasse;		José Dejalma Dezotti
				uenisse Hirtium a Caesare, qui esset illi familiarissimus;		José Dejalma Dezotti
				ad se non accessisse et, cum ille a. d. VIII Id. Dec. uesperi uenisset, Balbus de tota re constituisset a. d. VII ad Scipionem ante lucem uenire, multa de nocte eum profectum esse ad Caesarem.		José Dejalma Dezotti
				Hoc illi τεκμηριῶδες uidebatur esse alienationis.		José Dejalma Dezotti
				**3** Quid multa? Nihil me aliud consolatur nisi quod illum, cui etiam inimici alterum consulatum, fortuna summam potentiam dederit, non arbitror fore tam amentem ut haec in discrimen adducat.		José Dejalma Dezotti
				Quod si ruere coeperit, ne ego multa timeo quae non audeo scribere.		José Dejalma Dezotti
				Sed ut nunc est, a. d. III Non. Ian. ad urbem cogito.		José Dejalma Dezotti
						José Dejalma Dezotti
				**5**		José Dejalma Dezotti
				Cicero Attico sal.		José Dejalma Dezotti
				**1** Multas uno tempore accepi tuas, quae mihi, quamquam recentiora audiebam ex iis qui ad me ueniebant, tamen erant iucundae;		José Dejalma Dezotti
				studium enim et beneuolentiam declarabant.		José Dejalma Dezotti
				Valetudine tua moueor et Piliam in idem genus morbi delapsam curam tibi adferre maiorem sentio.		José Dejalma Dezotti
				Date igitur operam ut ualeatis.		José Dejalma Dezotti
				**2** De Tirone uideo tibi curae esse;		José Dejalma Dezotti
				quem quidem ego, etsi mirabilis utilitates mihi praebet, cum ualet, in omni genere uel negotiorum uel studiorum meorum, tamen propter humanitatem et modestiam malo saluum quam propter usum meum.		José Dejalma Dezotti
				**3** Philogenes mecum nihil umquam de †lusgenio† locutus est;		José Dejalma Dezotti
				de ceteris rebus habes Dionysium.		José Dejalma Dezotti
				Sororem tuam non uenisse in Arcanum miror.		José Dejalma Dezotti
				De Chrysippo, meum consilium probari tibi non moleste fero.		José Dejalma Dezotti
				Ego in Tusculanum nihil sane hoc tempore (deuium est τοῖς ἀπαντῶσιν et habet alia δύσχρηστα), sed de Formiano Tarracinam prid. Kal. Ian., inde Pomptinum †summam†, inde Albanum Pompei;		José Dejalma Dezotti
				ita ad urbem III Non., natali meo.		José Dejalma Dezotti
				**4** De re publica cottidie magis timeo.		José Dejalma Dezotti
				Non enim boni, ut putantur, consentiunt.		José Dejalma Dezotti
				Quos ego equites Romanos, quos senatores uidi, qui acerrime cum cetera tum hoc iter Pompei uituperarent\!		José Dejalma Dezotti
				Pace opus est.		José Dejalma Dezotti
				Ex uictoria cum multa mala tum certe tyrannus exsistet.		José Dejalma Dezotti
				Sed haec prope diem coram.		José Dejalma Dezotti
				Iam plane mihi deest quid ad te scribam;		José Dejalma Dezotti
				nec enim de re publica, quod uterque nostrum scit eadem, et domestica nota sunt ambobus.		José Dejalma Dezotti
				**5** Reliquum est iocari, si hic sinat;		José Dejalma Dezotti
				nam ego is sum qui illi concedi putem utilius esse quod postulat quam signa conferri;		José Dejalma Dezotti
				sero enim resistimus ei quem per annos decem aluimus contra nos.		José Dejalma Dezotti
				“Quid senties igitur?” inquis.		José Dejalma Dezotti
				Nihil scilicet nisi de sententia tua, nec prius quidem quam nostrum negotium aut confecerimus aut deposuerimus.		José Dejalma Dezotti
				Cura igitur ut ualeas;		José Dejalma Dezotti
				aliquando ἀπότριψαι quartanam istam diligentia quae in te summa est.		José Dejalma Dezotti
						José Dejalma Dezotti
				**6**		José Dejalma Dezotti
				Cicero Attico sal.		José Dejalma Dezotti
				**1** Plane deest quid ad te scribam.		José Dejalma Dezotti
				Nota omnia tibi sunt, nec ipse habeo a te quod exspectem.		José Dejalma Dezotti
				Tantum igitur nostrum illud sollemne seruemus, ut ne quem istuc euntem sine litteris dimittamus.		José Dejalma Dezotti
				**2** De re publica ualde timeo, nec adhuc fere inueni qui non concedendum putaret Caesari quod postularet potius quam depugnandum.		José Dejalma Dezotti
				Est illa quidem impudens postulatio, opinione †ualentior†.		José Dejalma Dezotti
				Cur autem nunc primum ei resistamus?		José Dejalma Dezotti
				“οὐ γὰρ δὴ τόδε μεῖζον ἔπι κακὸν” quam cum quinquennium prorogabamus, aut cum ut absentis ratio haberetur ferebamus, nisi forte haec illi tum arma dedimus ut nunc cum bene parato pugnaremus.		José Dejalma Dezotti
				Dices “Quid tu igitur sensurus es?”		José Dejalma Dezotti
				Non idem quod dicturus.		José Dejalma Dezotti
				Sentiam enim omnia facienda ne armis decertetur, dicam idem quod Pompeius, neque id faciam humili animo.		José Dejalma Dezotti
				Sed rursus hoc permagnum rei publicae malum, esse quodam modo mihi praeter ceteros non rectum me in tantis rebus a Pompeio dissidere.		José Dejalma Dezotti
						José Dejalma Dezotti
				**7**		José Dejalma Dezotti
				Cicero Attico sal.		José Dejalma Dezotti
				**1** “Dionysius, uir optimus, ut mihi quoque est perspectus, et doctissimus tuique amantissimus, Romam uenit XV Kal. Ian. et litteras a te mihi reddidit.”		José Dejalma Dezotti
				Tot enim uerba sunt de Dionysio in epistula tua;		José Dejalma Dezotti
				illud putato non adscribis, “et tibi gratias egit”.		José Dejalma Dezotti
				Atqui certe ille agere debuit et, si esset factum, quae tua est humanitas, adscripsisses.		José Dejalma Dezotti
				Mihi autem nulla de eo παλινῳδία datur propter superioris epistulae testimonium.		José Dejalma Dezotti
				Sit igitur sane bonus uir;		José Dejalma Dezotti
				hoc enim ipsum bene fecit, quod mihi sui cognoscendi penitus etiam istam facultatem dedit.		José Dejalma Dezotti
				**2** Philogenes recte ad te scripsit;		José Dejalma Dezotti
				curauit enim quod debuit.		José Dejalma Dezotti
				Eum ego uti ea pecunia uolui quoad liceret;		José Dejalma Dezotti
				itaque usus est menses XIIII.		José Dejalma Dezotti
				**3** Pomptinum cupio ualere et, quod scribis in urbem introisse, uereor quid sit;		José Dejalma Dezotti
				nam id nisi graui de causa non fecisset.		José Dejalma Dezotti
				Ego, quoniam IIII Non. Ian. compitalicius dies est, nolo eo die in Albanum uenire, ne molestus sim familiae;		José Dejalma Dezotti
				ueniam III Non. Ian. igitur, inde ad urbem prid. Non.		José Dejalma Dezotti
				Tua λῆψις quem in diem incurrat nescio, sed prorsus te commoueri incommodo ualetudinis tuae nolo.		José Dejalma Dezotti
				**4** De honore nostro, nisi quid occulte Caesar per suos tribunos molitus erit, cetera uidentur esse tranquilla;		José Dejalma Dezotti
225267	tranquillissimus autem animus meus qui totum istuc aequi boni facit et eo magis quod iam a multis audio constitutum esse Pompeio et eius consilio in Siciliam me mittere quod imperium habeam	Cic.Att.7.7.4	5139	tranquillissimus autem animus meus, qui totum istuc aequi boni facit, et eo magis quod iam a multis audio constitutum esse Pompeio et eius consilio in Siciliam me mittere quod imperium habeam.		José Dejalma Dezotti
				Id est ᾿Αβδηριτικόν;		José Dejalma Dezotti
				nec enim senatus decreuit nec populus iussit me imperium in Sicilia habere;		José Dejalma Dezotti
				sin hoc res publica ad Pompeium refert, qui me magis quam priuatum aliquem mittit?		José Dejalma Dezotti
				Itaque si hoc imperium mihi molestum erit, utar ea porta quam primam uidero.		José Dejalma Dezotti
				**5** Nam quod scribis mirificam exspectationem esse mei neque tamen quemquam bonorum aut satis bonorum dubitare quid facturus sim, ego quos tu bonos esse dicas non intellego.		José Dejalma Dezotti
				Ipse nullos noui, sed ita, si ordines bonorum quaerimus.		José Dejalma Dezotti
				Nam singulares sunt boni uiri;		José Dejalma Dezotti
				uerum in dissensionibus ordines bonorum et genera quaerenda sunt.		José Dejalma Dezotti
				Senatum bonum putas, per quem sine imperio prouinciae sunt (numquam enim Curio sustinuisset, si cum eo agi coeptum esset; quam sententiam senatus sequi noluit, ex quo factum est ut Caesari non succederetur), an publicanos, qui numquam firmi sed nunc Caesari sunt amicissimi, an faeneratores, an agricolas, quibus optatissimum est otium?		José Dejalma Dezotti
				Nisi eos timere putas ne sub regno sint qui id numquam, dum modo otiosi essent, recusarunt.		José Dejalma Dezotti
				**6** Quid ergo? Exercitum retinentis cum legis dies transierit rationem haberi placet?		José Dejalma Dezotti
79338	mihi vero ne absentis quidem	Cic.Att.7.7.6	5140	Mihi uero ne absentis quidem;		José Dejalma Dezotti
				sed cum id datum est, illud una datum est.		José Dejalma Dezotti
				Annorum autem decem imperium et ita latum placet?		José Dejalma Dezotti
				Placet igitur etiam me expulsum et agrum Campanum perisse et adoptatum patricium a plebeio, Gaditanum a Mytilenaeo, et Labieni diuitiae et Mamurrae placent et Balbi horti et Tusculanum.		José Dejalma Dezotti
				Sed horum omnium fons unus est.		José Dejalma Dezotti
				Imbecillo resistendum fuit, et id erat facile;		José Dejalma Dezotti
				nunc legiones XI, equitatus tantus quantum uolet, Transpadani, plebes urbana, tot tribuni pl., tam perdita iuuentus, tanta auctoritate dux, tanta audacia.		José Dejalma Dezotti
				Cum hoc aut depugnandum est aut habenda e lege ratio.		José Dejalma Dezotti
				**7** “Depugna” inquis “potius quam seruias.”		José Dejalma Dezotti
				Vt quid? Si uictus eris, proscribare, si uiceris, tamen seruias?		José Dejalma Dezotti
				“Quid ergo” inquis “acturus es?”		José Dejalma Dezotti
				Idem quod pecudes, quae dispulsae sui generis sequuntur greges;		José Dejalma Dezotti
				ut bos armenta, sic ego bonos uiros aut eos quicumque dicentur boni sequar, etiam si ruent.		José Dejalma Dezotti
				Quid sit optimum male contractis rebus plane uideo;		José Dejalma Dezotti
				nemini est enim exploratum cum ad arma uentum sit quid futurum sit, at illud omnibus, si boni uicti sint, nec in caede principum clementiorem hunc fore quam Cinna fuerit nec moderatiorem quam Sulla in pecuniis locupletum.		José Dejalma Dezotti
				ἐμπολιτεύομαί σοι iam dudum, et facerem diutius nisi me lucerna desereret.		José Dejalma Dezotti
				Ad summam, “dic M. Tulli”.		José Dejalma Dezotti
				“Adsentior Cn. Pompeio”, id est T. Pomponio.		José Dejalma Dezotti
				Alexim, humanissimum puerum (nisi forte, dum ego absum, adulescens factus est; id enim agere uidebatur), saluere iubeas uelim.		José Dejalma Dezotti
						José Dejalma Dezotti
				**8**		José Dejalma Dezotti
				Cicero Attico sal.		José Dejalma Dezotti
				**1** Quid opus est de Dionysio tam ualde adfirmare?		José Dejalma Dezotti
				An mihi nutus tuus non faceret fidem?		José Dejalma Dezotti
				Suspicionem autem eo mihi maiorem tua taciturnitas attulerat, quod et tu soles conglutinare amicitias testimoniis tuis et illum aliter cum aliis de nobis locutum audiebam.		José Dejalma Dezotti
				Sed prorsus ita esse ut scribis mihi persuades;		José Dejalma Dezotti
				itaque ego is in illum sum quem tu me esse uis.		José Dejalma Dezotti
				**2** Diem tuum ego quoque ex epistula tua quadam quam incipiente febricula scripseras mihi notaueram et animaduerteram posse pro re nata te non incommode ad me in Albanum uenire III Non. Ian.		José Dejalma Dezotti
				Sed, amabo te, nihil incommodo ualetudinis feceris.		José Dejalma Dezotti
				Quid enim est tantum in uno aut altero die?		José Dejalma Dezotti
				**3** Dolabellam uideo Liuiae testamento cum duobus coheredibus esse in triente sed iuberi mutare nomen.		José Dejalma Dezotti
				Est πολιτικὸν σκέμμα rectumne sit nobili adulescenti nomen mutare mulieris testamento.		José Dejalma Dezotti
				Sed id φιλοσοφώτερον διευκρινήσομεν cum sciemus quantum quasi sit in trientis triente.		José Dejalma Dezotti
				**4** Quod putasti fore ut ante quam istuc uenirem Pompeium uiderem, factum est ita;		José Dejalma Dezotti
				nam VI Kal. ad Lauernium me consecutus est.		José Dejalma Dezotti
				Vna Formias uenimus et ab hora octaua ad uesperum secreto collocuti sumus.		José Dejalma Dezotti
				Quod quaeris ecquae spes pacificationis sit, quantum ex Pompei multo et accurato sermone perspexi, ne uoluntas quidem est.		José Dejalma Dezotti
				Sic enim existimat, si ille uel dimisso exercitu consul factus sit, σύγχυσιν τῆς πολιτείας fore, atque etiam putat eum, cum audierit contra se diligenter parari, consulatum hoc anno neglecturum ac potius exercitum prouinciamque retenturum;		José Dejalma Dezotti
				sin autem ille fureret, uehementer hominem contemnebat et suis et rei publicae copiis confidebat.		José Dejalma Dezotti
				Quid quaeris? Etsi mihi crebro “ξυνὸς ᾿Ενυάλιος” occurrebat, tamen leuabar cura uirum fortem et peritum et plurimum auctoritate ualentem audiens πολιτικῶς de pacis simulatae periculis disserentem.		José Dejalma Dezotti
				**5** Habebamus autem in manibus Antoni contionem habitam X Kal. Ian., in qua erat accusatio Pompei usque a toga pura, querela de damnatis, terror armorum.		José Dejalma Dezotti
				In quibus ille “quid censes” aiebat “facturum esse ipsum, si in possessionem rei publicae uenerit, cum haec quaestor eius infirmus et inops audeat dicere?”		José Dejalma Dezotti
				Quid multa? Non modo non expetere pacem istam sed etiam timere uisus est.		José Dejalma Dezotti
				Ex illa autem sententia relinquendae urbis †mouet† hominem, ut puto.		José Dejalma Dezotti
				Mihi autem illud molestissimum est, quod soluendi sunt nummi Caesari et instrumentum triumphi eo conferendum;		José Dejalma Dezotti
				est enim ἄμορφον ἀντιπολιτευομένου χρεωφειλέτην esse.		José Dejalma Dezotti
				Sed haec et multa alia coram.		José Dejalma Dezotti
						José Dejalma Dezotti
				**9**		José Dejalma Dezotti
				Cicero Attico sal.		José Dejalma Dezotti
				**1** “Cottidiene” inquis “a te accipiendae litterae sunt?”		José Dejalma Dezotti
				Si habebo cui dem, cottidie.		José Dejalma Dezotti
				“At iam ipse ades.”		José Dejalma Dezotti
				Tum igitur cum uenero desinam.		José Dejalma Dezotti
				Vnas uideo mihi a te non esse redditas, quas L. Quinctius, familiaris meus, cum ferret ad bustum Basili uulneratus et despoliatus est.		José Dejalma Dezotti
				**2** Videbis igitur num quid fuerit in iis quod me scire opus sit.		José Dejalma Dezotti
				Et simul hoc διευκρινήσεις πρόβλημα sane πολιτικόν:		José Dejalma Dezotti
				cum sit necesse aut haberi Caesaris rationem illo exercitum uel per senatum uel per tribunos pl. obtinente,		José Dejalma Dezotti
				aut persuaderi Caesari ut tradat prouinciam atque exercitum et ita consul fiat,		José Dejalma Dezotti
				aut, si id ei non persuadeatur, haberi comitia sine illius ratione illo patiente atque obtinente prouinciam,		José Dejalma Dezotti
				aut, si per tribunos pl. non patiatur et tamen quiescat, rem adduci ad interregnum,		José Dejalma Dezotti
				aut, si ob eam causam quod ratio eius non habeatur exercitum adducat, armis cum eo contendere, illum autem initium facere armorum aut statim nobis minus paratis aut tum cum comitiis amicis eius postulantibus ut e lege ratio habeatur impetratum non sit, ire autem ad arma aut hanc unam ob causam quod ratio non habeatur aut addita causa si forte tribunus pl. senatum impediens aut populum incitans notatus aut senatus consulto circumscriptus aut sublatus aut expulsus \[sit\] dicensue se expulsum ad illum confugerit, suscepto autem bello aut tenenda sit urbs aut ea relicta ille commeatu et reliquis copiis intercludendus \- quod horum malorum, quorum aliquod certe subeundum est, minimum putes.		José Dejalma Dezotti
				**3** Dices profecto persuaderi illi ut tradat exercitum et ita consul fiat.		José Dejalma Dezotti
				Est omnino id eius modi ut, si ille eo descendat, contra dici nihil possit, idque eum, si non obtinet ut ratio habeatur retinentis exercitum, non facere miror;		José Dejalma Dezotti
				nobis autem, ut quidam putant, nihil est timendum magis quam ille consul.		José Dejalma Dezotti
				“At sic malo” inquies “quam cum exercitu.”		José Dejalma Dezotti
				Certe; sed istuc ipsum “sic” \[o\] magnum malum putat aliquis, neque ei remedium est ullum;		José Dejalma Dezotti
				cedendum est, si id uolet.		José Dejalma Dezotti
				“Vide consulem illum iterum quem uidisti consulatu priore.”		José Dejalma Dezotti
				“At tum imbecillus plus” inquit “ualuit quam tota res publica.		José Dejalma Dezotti
				“Quid nunc putas?”		José Dejalma Dezotti
				Et eo consule Pompeio certum est esse in Hispania.		José Dejalma Dezotti
				O rem miseram\!		José Dejalma Dezotti
				Si quidem id ipsum deterrimum est quod recusari non potest, et quod ille si faciat, iam a bonis omnibus summam ineat gratiam.		José Dejalma Dezotti
				**4** Tollamus igitur hoc quo illum posse adduci negant;		José Dejalma Dezotti
				de reliquis quid est deterrimum?		José Dejalma Dezotti
				Concedere illi quod, ut idem dicit, impudentissime postulat.		José Dejalma Dezotti
				Nam quid impudentius?		José Dejalma Dezotti
				Tenuisti prouinciam per annos decem non tibi a senatu sed a te ipso per uim et per factionem datos;		José Dejalma Dezotti
				praeteriit tempus non legis sed libidinis tuae, fac tamen legis;		José Dejalma Dezotti
				ut succedatur decernitur;		José Dejalma Dezotti
				impedis et ais “Habe meam rationem”.		José Dejalma Dezotti
				Habe tu nostram.		José Dejalma Dezotti
				Exercitum tu habeas diutius quam populus iussit, inuito senatu?		José Dejalma Dezotti
				“Depugnes oportet, nisi concedis.”		José Dejalma Dezotti
				Cum bona quidem spe, ut ait idem, uel uincendi uel in libertate moriendi.		José Dejalma Dezotti
				Iam si pugnandum est, quo tempore, in casu, quo consilio, in temporibus situm est.		José Dejalma Dezotti
				Itaque te in ea quaestione non exerceo.		José Dejalma Dezotti
				Ad ea quae dixi adfer si quid habes.		José Dejalma Dezotti
				Equidem dies noctesque torqueor.		José Dejalma Dezotti
						José Dejalma Dezotti
				**10**		José Dejalma Dezotti
				Cicero Attico sal.		José Dejalma Dezotti
79417	subito consilium cepi ut ante quam luceret exirem ne qui conspectus fieret aut sermo lictoribus praesertim laureatis	Cic.Att.7.10.1	5141	**1** Subito consilium cepi ut ante quam luceret exirem, ne qui conspectus fieret aut sermo, lictoribus praesertim laureatis.		José Dejalma Dezotti
79418	de reliquo ne que hercule quid agam ne que quid acturus sim scio	Cic.Att.7.10.1	5142	De reliquo neque hercule quid agam neque quid acturus sim scio;		José Dejalma Dezotti
225289	ita sum perturbatus temeritate nostri amentissimi consili	Cic.Att.7.10.1	5143	ita sum perturbatus temeritate nostri amentissimi consili.		José Dejalma Dezotti
79419	tibi vero quid suadeam quoius ipse consilium exspecto	Cic.Att.7.10.1	5144	Tibi uero quid suadeam, cuius ipse consilium exspecto?		José Dejalma Dezotti
79420	Gnaeus noster quid consili ceperit capiat ve nescio adhuc in oppidis coartatus et stupens	Cic.Att.7.10.1	5145	Gnaeus noster quid consili ceperit capiatue nescio adhuc, in oppidis coartatus et stupens.		José Dejalma Dezotti
79421	omnes si in Italia consistat erimus una	Cic.Att.7.10.1	5146	Omnes, si in Italia consistet, erimus una;		José Dejalma Dezotti
225290	sin cedet consili res est	Cic.Att.7.10.1	5147	sin cedet, consili res est.		José Dejalma Dezotti
79422	adhuc certe nisi ego insanio stulte omnia et incaute	Cic.Att.7.10.1	5148	Adhuc certe, nisi ego insanio, stulte omnia et incaute.		José Dejalma Dezotti
79423	tu quaeso crebro ad me scribe vel quod in buccam venerit	Cic.Att.7.10.1	5149	Tu, quaeso, crebro ad me scribe uel quod in buccam uenerit.		José Dejalma Dezotti
						José Dejalma Dezotti
				**11**		José Dejalma Dezotti
				Cicero Attico sal.		José Dejalma Dezotti
				**1** Quaeso, quid est hoc? Aut quid agitur?		José Dejalma Dezotti
				Mihi enim tenebrae sunt.		José Dejalma Dezotti
				“Cingulum” inquit “nos tenemus, Anconem amisimus;		José Dejalma Dezotti
				Labienus discessit a Caesare.”		José Dejalma Dezotti
				Vtrum de imperatore populi Romani an de Hannibale loquimur?		José Dejalma Dezotti
				O hominem amentem et miserum, qui ne umbram quidem umquam τοῦ καλοῦ uiderit\!		José Dejalma Dezotti
				Atque haec ait omnia facere se dignitatis causa.		José Dejalma Dezotti
				Vbi est autem dignitas nisi ubi honestas?		José Dejalma Dezotti
				Honestum igitur habere exercitum nullo publico consilio, occupare urbis ciuium quo facilior sit aditus ad patriam, χρεῶν ἀποκοπάς, φυγάδων καθόδους, sescenta alia scelera moliri, “τὴν θεῶν μεγίστην ὥστ' ἔχειν τυραννίδα”?		José Dejalma Dezotti
				Sibi habeat suam fortunam\!		José Dejalma Dezotti
				Vnam mehercule tecum apricationem in illo lucratiuo tuo sole malim quam omnia illius modi regna, uel potius mori miliens quam semel illius modi quicquam cogitare.		José Dejalma Dezotti
				**2** “Quid si tu uelis?' inquis.		José Dejalma Dezotti
				Age, quis est cui uelle non liceat?		José Dejalma Dezotti
				Sed ego hoc ipsum uelle miserius esse duco quam in crucem tolli. una res est ea miserior, adipisci quod ita uolueris.		José Dejalma Dezotti
				Sed haec hactenus;		José Dejalma Dezotti
				libenter enim in his molestiis ἐνσχολάζω σοι.		José Dejalma Dezotti
				**3** Redeamus ad nostrum.		José Dejalma Dezotti
				Per fortunas, quale tibi consilium Pompei uidetur?		José Dejalma Dezotti
				Hoc quaero, quid urbem reliquerit;		José Dejalma Dezotti
				ego enim ἀπορῶ.		José Dejalma Dezotti
				Tum nihil absurdius.		José Dejalma Dezotti
				Vrbem tu relinquas?		José Dejalma Dezotti
				Ergo idem, si Galli uenirent.		José Dejalma Dezotti
				“Non est” inquit “in parietibus res publica.”		José Dejalma Dezotti
				At in aris et focis.		José Dejalma Dezotti
				“Fecit Themistocles.”		José Dejalma Dezotti
				Fluctum enim totius barbariae ferre urbs una non poterat.		José Dejalma Dezotti
				At idem Pericles non fecit anno fere post quinquagesimo, cum praeter moenia nihil teneret;		José Dejalma Dezotti
				nostri olim urbe reliqua capta arcem tamen retinuerunt.		José Dejalma Dezotti
				“οὕτως που τῶν πρόσθεν ἐπευθόμεθα κλέα ἀνδρῶν”.		José Dejalma Dezotti
				**4** Rursus autem ex dolore municipali sermonibusque eorum quos conuenio uidetur hoc consilium exitum habiturum.		José Dejalma Dezotti
				Mira hominum querela est (nescio istic, sed facies ut sciam) sine magistratibus urbem esse, sine senatu.		José Dejalma Dezotti
				Fugiens denique Pompeius mirabiliter homines mouet.		José Dejalma Dezotti
				Quid quaeris? Alia causa facta est.		José Dejalma Dezotti
				Nihil iam concedendum putant Caesari.		José Dejalma Dezotti
				Haec tu mihi explica qualia sint.		José Dejalma Dezotti
				**5** Ego negotio praesum non turbulento;		José Dejalma Dezotti
				uult enim me Pompeius esse quem tota haec Campania et maritima ora habeat ἐπίσκοπον, ad quem dilectus et negoti summa referatur;		José Dejalma Dezotti
				itaque uagus esse cogitabam.		José Dejalma Dezotti
				Te puto iam uidere quae sit ὁρμὴ Caesaris, qui populus, qui totius negoti status.		José Dejalma Dezotti
				Ea uelim scribas ad me, et quidem, quoniam mutabilia sunt, quam saepissime;		José Dejalma Dezotti
				acquiesco enim et scribens ad te et legens tua.		José Dejalma Dezotti
						José Dejalma Dezotti
				**12**		José Dejalma Dezotti
				Cicero Attico sal.		José Dejalma Dezotti
79467	unam adhuc a te epistulam acceperam datam xii Kal in qua significabatur aliam te ante dedisse quam non acceperam	Cic.Att.7.12.1	5150	**1** Vnam adhuc a te epistulam acceperam datam XII Kal. Iun., in qua significabatur aliam te ante dedisse, quam non acceperam.		José Dejalma Dezotti
79469	sed quaeso ut scribas quam saepissime non modo si quid scies aut audieris sed etiam si quid suspicabere maxime que quid nobis faciendum aut non faciendum putes	Cic.Att.7.12.1	5151	Sed quaeso ut scribas quam saepissime, non modo si quid scies aut audieris sed etiam si quid suspicabere, maximeque quid nobis faciendum aut non faciendum putes.		José Dejalma Dezotti
				Nam quod rogas curem ut scias quid Pompeius agat,		José Dejalma Dezotti
225293	ne ipsum quidem scire puto nostrum quidem nemo	Cic.Att.7.12.2	5152	ne ipsum quidem scire puto; nostrum quidem nemo.		José Dejalma Dezotti
79522	sed velim consideres quid faciendum putes primum πρὸς τὸ ἀσφαλές aliter enim mihi de illis ac de me ipso consulendum est deinde ad opiniones ne reprehendamur quod eas Romae velimus esse in communi bonorum fuga	Cic.Att.7.13.3	5153	**2** Vidi Lentulum consulem Formiis X Kal., uidi Libonem;		José Dejalma Dezotti
79650	nihil habeo quod ad te scribam qui etiam eam epistulam quam eram elucubratus ad te non dederim	Cic.Att.7.19.1	5154	plena timoris et erroris omnia.		José Dejalma Dezotti
79651	erat enim plena spei bonae quod et contionis voluntatem audieram et illum condicionibus usurum putabam praesertim suis	Cic.Att.7.19.1	5155	Ille iter Larinum; ibi enim cohortes et Luceriae et Teani reliquaque in Apulia.		José Dejalma Dezotti
79652	ecce tibi iii Nonas Febr inane accepi litteras tuas Philotimi Furni Curionis ad Furnium quibus inridet L Caesaris legationem	Cic.Att.7.19.1	5156	Inde utrum consistere uspiam uelit an mare transire nescitur.		José Dejalma Dezotti
79660	illi autem nondum venerant sed erant venturi inanes imparati	Cic.Att.7.20.1	5158	Si manet, uereor ne exercitum firmum habere non possit;		José Dejalma Dezotti
79662	at illum ruere nuntiant et iam iam que adesse non ut manum conserat qui cum enim sed ut fugam intercludat	Cic.Att.7.20.1	5159	sin discedit, quo aut qua, aut quid nobis agendum sit nescio.		José Dejalma Dezotti
79680	haec Capuae dum fui cognovi nihil in consulibus nullum usquam dilectum	Cic.Att.7.21.1	5160	Nam istum quidem cuius Φαλαρισμὸν times omnia taeterrime facturum puto;		José Dejalma Dezotti
79683	Gnaeus autem noster o rem miseram et incredibilem ut totus iacet	Cic.Att.7.21.1	5161	nec eum rerum prolatio nec senatus magistratuumque discessus nec aerarium clausum tardabit.		José Dejalma Dezotti
79686	mittam illa fugam ab urbe turpissimam timidissimas in oppidis contiones ignorationem non solum adversari sed etiam suarum copiarum	Cic.Att.7.21.1	5162	**3** Sed haec, ut scribis, cito sciemus.		José Dejalma Dezotti
79689	urbe relicta redeant	Cic.Att.7.21.2	5163	Interim uelim mihi ignoscas quod ad te scribo tam multa totiens;		José Dejalma Dezotti
229650	quo praesidio	Cic.Att.7.21.2	5164	acquiesco enim et tuas uolo elicere litteras maximeque consilium quid agam aut quo me pacto geram.		José Dejalma Dezotti
79690	deinde exeant	Cic.Att.7.21.2	5165	Demittamne me penitus in causam?		José Dejalma Dezotti
229649	quis sinat	Cic.Att.7.21.2	5166	Non deterreor periculo sed dirumpor dolore:		José Dejalma Dezotti
79697	ipse me Caesar ad pacem hortatur sed antiquiores litterae quam ruere coepit	Cic.Att.7.21.3	5167	tamne nullo consilio aut tam contra meum consilium gesta esse omnia\!		José Dejalma Dezotti
79703	pedem in Italia video nullum esse qui non in istius potestate sit	Cic.Att.7.22.1	5168	an cuncter et tergiuerser et iis me dem qui tenent, qui potiuntur?		José Dejalma Dezotti
79704	de Pompeio scio nihil eum que nisi in navim se contulerit exceptum iri puto	Cic.Att.7.22.1	5169	“αἰδέομαι Τρῶας”, nec solum ciuis sed etiam amici officio reuocor, etsi frangor saepe misericordia puerorum.		José Dejalma Dezotti
79706	huius autem nostri	Cic.Att.7.22.1	5170	**4** Vt igitur ita perturbato, etsi te eadem sollicitant, scribe aliquid et maxime, si Pompeius Italia cedit, quid nobis agendum putes.		José Dejalma Dezotti
79707	sed non possum sine dolore accusare eum de quo angor et crucior	Cic.Att.7.22.1	5171	M'. quidem Lepidus (nam fuimus una) eum finem statuit, L. Torquatus eundem.		José Dejalma Dezotti
229675	non quo minus quicquam Caesari expediat ad diuturnitatem victoriae et dominationis sed video quorum arbitrio sit acturus	Cic.Att.7.22.1	5172	Me cum multa tum etiam lictores impediunt.		José Dejalma Dezotti
79709	recte sit censeo cedendum de oppidis iis egeo consili	Cic.Att.7.22.2	5173	Nihil uidi umquam quod minus explicari posset.		José Dejalma Dezotti
79713	qua aut terra aut mari persequar eum qui ubi sit nescio	Cic.Att.7.22.2	5174	Itaque a te nihildum certi exquiro sed quid uideatur, denique ipsam ἀπορίαν tuam cupio cognoscere.		José Dejalma Dezotti
79714	etsi terra quidem qui possum	Cic.Att.7.22.2	5175	**5** Labienum ab illo discessisse prope modum constat.		José Dejalma Dezotti
79715	mari quo	Cic.Att.7.22.2	5176	Si ita factum esset ut ille Romam ueniens magistratus et senatum Romae offenderet, magno usui causae nostrae fuisset.		José Dejalma Dezotti
79717	fac posse tuto multi enim hortantur num etiam honeste	Cic.Att.7.22.2	5177	Damnasse enim sceleris hominem amicum rei publicae causa uideretur, quod nunc quoque uidetur, sed minus prodest;		José Dejalma Dezotti
229676	sed tamen si quid in mentem venit velim scribas et ipse quid sis acturus	Cic.Att.7.22.2	5178	non enim habet cui prosit, eumque arbitror paenitere, nisi forte id ipsum est falsum, discessisse illum.		José Dejalma Dezotti
79722	haec metuo equidem ne sint somnia sed tamen Manlium Lepidum L Torquatum C Cassium tribunum pl hi enim sunt nobis cum id est in Formiano Philotimi litterae ad vitam revocaverunt	Cic.Att.7.23.1	5179	Nos quidem pro certo habebamus.		José Dejalma Dezotti
79724	ego autem illa metuo ne veriora sint nos omnis paene iam captos esse Pompeium Italia cedere quem quidem o rem acerbam persequi Caesar dicitur	Cic.Att.7.23.1	5180	**6** Et uelim, quamquam, ut scribis, domesticis te finibus tenes, formam mihi urbis exponas, ecquod Pompei desiderium, ecquae Caesaris inuidia appareat, etiam quid censeas de Terentia et Tullia, Romae eas esse an mecum an aliquo tuto loco.		José Dejalma Dezotti
79726	persequi Caesar Pompeium	Cic.Att.7.23.1	5182	Haec et si quid aliud ad me scribas uelim uel potius scriptites.		José Dejalma Dezotti
79731	in quo tu quoque ingemiscis	Cic.Att.7.23.1	5183			José Dejalma Dezotti
229696	sed mihi venit in mentem multum fore sermonem me iudicium iam de causa publica fecisse qua desperata quasi hunc gradum mei reditus esse quod mulieres revertissent	Cic.Att.7.23.2	5184	**13**		José Dejalma Dezotti
79736	de me autem ipso tibi adsentior ne me dem incertae et periculosae fugae cum rei publicae nihil prosim nihil Pompeio pro quo emori cum pie possum tum libenter	Cic.Att.7.23.2	5185	Cicero Attico sal.		José Dejalma Dezotti
229701	etsi vivere	Cic.Att.7.23.2	5186	**1** De Vennonianis rebus tibi adsentior.		José Dejalma Dezotti
229704	tota Capua et omnis hic dilectus iacet	Cic.Att.7.23.3	5187	Labienum ἥρωα iudico.		José Dejalma Dezotti
229702	desperata res est in fuga omnes sunt nisi qui deus iuverit ut Pompeius istas Domiti copias cum suis coniungat	Cic.Att.7.23.3	5188	Facinus iam diu nullum ciuile praeclarius, qui, ut aliud nihil, hoc tamen profecit, dedit illi dolorem;		José Dejalma Dezotti
79741	cui nos valde satis facere multi ad me scripserunt quod patior facile dum ut adhuc nihil faciam turpiter	Cic.Att.7.23.3	5189	sed etiam ad summam profectum aliquid puto.		José Dejalma Dezotti
79743	ecce postridie Cassio litterae Capua a Lucretio familiari eius	Cic.Att.7.24.1	5190	Amo etiam Pisonem, cuius iudicium de genero suspicor uisum iri graue.		José Dejalma Dezotti
229705	Nigidium a Domitio Capuam venisse	Cic.Att.7.24.1	5191	Quamquam genus belli quod sit uides:		José Dejalma Dezotti
79744	eum dicere Vibullium cum paucis militibus e Piceno currere ad Gnaeum confestim insequi Caesarem Domitium non habere militum iii milia	Cic.Att.7.24.1	5192	ita ciuile est ut non ex ciuium dissensione sed ex unius perditi ciuis audacia natum sit.		José Dejalma Dezotti
79750	omnia facilius credere possum quam quod scribitis Pompeium exercitum habere	Cic.Att.7.25.1	5193	Is autem ualet exercitu, tenet multos spe et promissis, omnia omnium concupiuit.		José Dejalma Dezotti
79751	nemo huc ita adfert omnia que quae nolim	Cic.Att.7.25.1	5194	Huic tradita urbs est nuda praesidio, referta copiis.		José Dejalma Dezotti
79754	quid dicam nisi illud eum scisse ne que enim erat difficile hoc nescisse	Cic.Att.7.25.1	5195	Quid est quod ab eo non metuas qui illa templa et tecta non patriam sed praedam putet?		José Dejalma Dezotti
79757	non venit idem usu mihi quod tu tibi scribis	Cic.Att.7.26.1	5196	Quid autem sit acturus aut quo modo nescio, sine senatu, sine magistratibus;		José Dejalma Dezotti
229755	quotiens exorior	Cic.Att.7.26.1	5197	ne simulare quidem poterit quicquam πολιτικῶς.		José Dejalma Dezotti
79758	ego enim nunc primum paulum exorior et maxime quidem iis litteris quae Roma adferuntur de Domitio de Picentium cohortibus	Cic.Att.7.26.1	5198	Nos autem ubi exsurgere poterimus aut quando?		José Dejalma Dezotti
229707	Caesaris interdicta si te secundo lumine hic offendero respuuntur	Cic.Att.7.26.1	5199	Quorum dux quam ἀστρατήγητος tu quoque animaduertis, cui ne Picena quidem nota fuerint;		José Dejalma Dezotti
79762	quod me amicissime admones ut mihi integrum quoad possim servem gratum est	Cic.Att.7.26.2	5200	quam autem sine consilio res testis.		José Dejalma Dezotti
229709	quod addis ne propensior ad turpem causam videar certe videri possum	Cic.Att.7.26.2	5201	Vt enim alia omittam decem annorum peccata, quae condicio non huic fugae praestitit?		José Dejalma Dezotti
79763	ego me ducem in civili bello quoad de pace ageretur negavi esse non quin rectum esset sed quia quod multo rectius fuit id mihi fraudem tulit	Cic.Att.7.26.2	5202	**2** Nec uero nunc quid cogitet scio;		José Dejalma Dezotti
79764	plane eum quoi noster alterum consulatum deferret et triumphum at quibus verbis pro tuis rebus gestis amplissimis inimicum habere nolueram	Cic.Att.7.26.2	5203	ac non desino per litteras sciscitari.		José Dejalma Dezotti
79766	ego scio et quem metuam et quam ob rem	Cic.Att.7.26.2	5204	Nihil esse timidius constat, nihil perturbatius.		José Dejalma Dezotti
79768	de HS X̅X̅ Terentia tibi rescripsit	Cic.Att.7.26.3	5205	Itaque nec praesidium, cuius parandi causa ad urbem retentus est, nec locum ac sedem praesidi ullam uideo.		José Dejalma Dezotti
229710	tibi autem crebro ad me scribenti de eius officio nihil rescripsi quod diem ex die exspectabam ut statuerem quid esset faciendum	Cic.Att.7.26.3	5206	Spes omnis in duabus inuidiose retentis paene alienis legionibus.		José Dejalma Dezotti
79775	ego bellum foedissimum futurum puto nisi qui ut tu scribis Parthicus casus exstiterit	Cic.Att.7.26.3	5207	Nam dilectus adhuc quidem inuitorum est et a pugnando abhorrentium;		José Dejalma Dezotti
